trend,day_multiply_hour,month,tempoerature_1 (F),tempoerature_2 (F),tempoerature_3 (F),tempoerature_4 (F),tempoerature_5 (F),tempoerature_6 (F),tempoerature_7 (F),tempoerature_8 (F),tempoerature_9 (F),tempoerature_10 (F),tempoerature_11 (F)
1,1,1,46,38,44,45,42,44,45,43,41,42,36
2,2,1,46,36,42,43,42,43,44,44,39,43,32
3,3,1,45,35,40,41,40,42,41,42,36,43,31
4,4,1,41,30,36,37,39,38,40,34,35,39,30
5,5,1,39,30,34,33,40,38,35,30,33,35,34
6,6,1,35,29,32,32,41,37,35,35,36,35,35
7,7,1,33,28,30,30,38,36,33,34,32,33,32
8,8,1,33,28,30,29,33,36,30,33,31,33,30
9,9,1,36,28,30,30,36,38,31,34,31,35,28
10,10,1,47,33,32,41,43,44,39,41,35,42,30
11,11,1,53,42,44,49,47,52,44,48,40,51,35
12,12,1,54,47,49,54,50,55,51,54,47,55,41
13,13,1,55,52,51,58,51,58,55,58,52,59,47
14,14,1,55,54,52,59,51,60,56,60,55,60,51
15,15,1,55,55,52,60,52,60,59,61,56,61,53
16,16,1,55,56,52,60,51,60,60,62,56,62,54
17,17,1,52,56,51,57,50,59,56,60,55,59,54
18,18,1,46,52,48,51,47,53,51,53,48,53,53
19,19,1,40,47,45,46,39,46,46,43,44,46,50
20,20,1,40,46,35,43,39,44,42,37,38,43,50
21,21,1,39,46,34,40,34,45,40,36,37,44,48
22,22,1,38,45,30,37,33,43,38,36,37,42,47
23,23,1,40,46,30,39,31,43,41,43,37,44,45
24,24,1,41,46,30,42,33,45,41,44,38,46,41
25,2,1,43,45,32,42,36,46,41,45,40,47,40
26,4,1,44,44,33,44,36,47,42,46,41,48,39
27,6,1,46,44,35,45,40,47,43,46,42,48,42
28,8,1,46,45,39,45,42,46,45,46,44,48,42
29,10,1,47,45,41,46,42,47,46,46,44,47,45
30,12,1,47,44,42,46,43,45,46,45,44,46,46
31,14,1,47,43,42,48,45,44,47,46,44,47,46
32,16,1,47,43,43,48,44,44,45,48,41,46,47
33,18,1,47,46,43,49,43,46,43,47,43,46,47
34,20,1,47,48,43,50,42,48,44,46,43,47,47
35,22,1,47,48,44,53,44,49,46,47,45,49,50
36,24,1,49,50,44,55,44,52,48,53,45,52,51
37,26,1,52,51,45,57,45,54,50,51,48,53,52
38,28,1,56,52,46,58,47,56,53,52,52,55,54
39,30,1,54,53,47,60,48,59,54,54,54,58,55
40,32,1,56,55,49,62,49,61,55,57,55,58,57
41,34,1,57,56,49,61,49,60,55,58,56,58,59
42,36,1,53,54,47,54,46,58,52,52,53,56,56
43,38,1,50,53,45,50,42,55,49,47,47,52,53
44,40,1,47,52,42,46,42,53,47,44,49,50,53
45,42,1,46,51,41,48,42,51,45,42,45,48,51
46,44,1,45,49,41,48,41,49,46,43,44,47,46
47,46,1,45,51,41,48,42,50,45,43,45,48,50
48,48,1,45,50,38,48,39,50,45,47,44,49,50
49,3,1,45,47,41,48,41,47,45,47,45,48,50
50,6,1,46,50,40,48,41,50,46,47,45,49,53
51,9,1,46,49,42,47,43,48,44,42,45,46,52
52,12,1,44,50,42,49,43,47,44,41,45,46,52
53,15,1,43,48,43,49,45,44,44,42,45,44,54
54,18,1,46,46,45,49,45,42,43,41,45,41,55
55,21,1,46,50,41,49,46,44,42,41,45,43,56
56,24,1,47,48,45,49,45,42,42,47,45,44,56
57,27,1,51,50,46,50,45,44,45,48,46,46,54
58,30,1,55,52,48,53,49,51,50,53,49,51,57
59,33,1,56,57,51,59,52,57,56,58,56,58,62
60,36,1,59,62,53,63,57,62,62,63,62,63,65
61,39,1,65,65,58,70,62,68,69,69,66,68,67
62,42,1,68,68,62,72,65,71,71,72,69,71,69
63,45,1,69,69,66,73,67,72,73,73,71,73,70
64,48,1,68,69,68,73,67,72,73,73,72,73,70
65,51,1,68,68,63,72,63,71,73,72,71,72,70
66,54,1,65,65,64,68,61,66,68,68,69,67,70
67,57,1,64,63,59,65,58,63,64,64,66,64,68
68,60,1,63,62,58,63,56,62,65,63,65,62,65
69,63,1,62,60,59,62,58,60,65,61,64,61,63
70,66,1,63,60,59,62,60,60,63,61,62,61,64
71,69,1,63,61,59,62,59,58,63,61,62,60,64
72,72,1,62,60,58,62,59,60,63,61,61,61,62
73,4,1,63,61,57,62,58,61,63,61,61,62,62
74,8,1,62,59,58,62,57,60,62,61,61,61,62
75,12,1,62,59,58,61,58,60,62,60,62,61,63
76,16,1,62,60,58,61,58,60,61,60,62,61,64
77,20,1,60,59,56,61,59,60,61,60,61,61,63
78,24,1,60,60,55,61,59,60,61,60,61,61,63
79,28,1,60,59,55,61,58,60,61,60,61,60,63
80,32,1,62,58,55,61,58,58,62,60,61,60,62
81,36,1,60,59,55,61,57,59,62,60,61,60,62
82,40,1,64,59,56,63,59,60,63,63,61,62,64
83,44,1,64,63,58,65,62,64,64,65,62,64,66
84,48,1,66,63,60,70,63,67,68,69,66,68,69
85,52,1,71,65,63,73,66,68,70,71,69,69,69
86,56,1,70,65,65,76,65,68,72,73,70,69,69
87,60,1,71,65,65,74,65,69,72,73,69,70,68
88,64,1,72,65,64,74,65,69,73,73,69,70,66
89,68,1,71,66,62,72,64,69,70,72,67,70,67
90,72,1,68,65,61,71,56,67,70,70,66,69,65
91,76,1,67,64,59,68,51,65,68,66,64,66,63
92,80,1,67,62,56,66,49,62,66,66,63,64,62
93,84,1,65,61,55,64,48,60,60,64,60,63,61
94,88,1,64,61,48,63,48,62,59,63,52,63,61
95,92,1,65,62,48,64,47,63,59,63,52,64,61
96,96,1,64,62,47,65,46,63,58,63,50,64,60
97,5,1,64,63,47,66,46,64,56,64,48,64,62
98,10,1,63,62,45,66,45,63,56,62,48,64,62
99,15,1,65,62,45,65,44,63,56,62,48,63,62
100,20,1,64,63,45,65,44,63,56,62,48,63,63
101,25,1,64,62,47,65,44,63,55,63,49,64,61
102,30,1,64,60,55,65,44,64,54,63,48,64,59
103,35,1,64,60,54,65,44,65,53,63,47,64,58
104,40,1,64,60,55,65,44,65,54,64,47,65,58
105,45,1,65,58,53,65,44,64,54,64,47,64,49
106,50,1,66,58,55,69,44,65,54,65,47,65,48
107,55,1,66,57,55,70,45,66,54,65,47,66,47
108,60,1,67,57,53,71,46,66,52,67,46,65,49
109,65,1,68,56,53,71,46,65,53,67,47,64,51
110,70,1,68,56,54,70,46,65,54,66,47,64,53
111,75,1,66,54,48,71,47,66,54,66,48,65,52
112,80,1,66,52,49,71,47,66,54,66,49,65,52
113,85,1,66,51,52,72,48,63,54,66,49,61,52
114,90,1,66,50,51,70,47,60,54,62,49,60,50
115,95,1,63,49,48,64,46,59,53,61,48,59,50
116,100,1,54,46,47,63,46,57,52,61,47,57,45
117,105,1,52,44,46,61,46,56,49,59,46,56,43
118,110,1,49,41,46,61,45,54,48,58,43,54,41
119,115,1,47,40,45,58,44,52,47,53,43,51,41
120,120,1,47,36,43,51,43,47,44,51,41,47,39
121,6,1,47,33,43,50,42,45,42,50,41,45,37
122,12,1,46,35,43,50,41,44,41,48,40,44,36
123,18,1,45,32,41,49,40,42,39,46,37,42,35
124,24,1,43,33,40,47,39,41,38,45,37,41,35
125,30,1,41,32,38,45,37,40,37,43,35,39,34
126,36,1,41,32,36,45,36,39,36,40,33,38,34
127,42,1,39,29,35,44,35,35,37,37,36,35,34
128,48,1,39,32,33,42,34,36,34,33,35,34,32
129,54,1,40,31,34,40,35,36,35,32,33,34,32
130,60,1,43,32,33,42,37,37,38,39,37,37,34
131,66,1,45,33,38,44,39,40,41,43,38,41,34
132,72,1,44,34,40,45,40,41,43,45,39,42,34
133,78,1,45,35,39,47,41,42,45,46,42,44,34
134,84,1,46,33,40,48,40,43,45,46,41,44,35
135,90,1,46,33,40,48,41,43,44,46,41,44,35
136,96,1,46,33,41,48,41,44,44,47,40,44,33
137,102,1,45,32,40,47,40,42,41,45,38,43,31
138,108,1,39,28,36,44,38,39,40,43,35,40,26
139,114,1,39,26,37,41,35,37,37,40,33,37,25
140,120,1,39,24,36,40,33,35,33,38,30,34,23
141,126,1,38,22,32,39,31,32,30,35,28,31,20
142,132,1,36,21,29,37,28,30,29,33,27,30,20
143,138,1,32,20,28,35,27,28,27,31,26,28,19
144,144,1,32,19,27,33,26,27,27,29,25,27,18
145,7,1,30,18,25,30,24,25,25,28,24,25,18
146,14,1,29,18,25,29,24,25,23,26,22,25,18
147,21,1,28,17,23,28,23,24,23,26,22,23,17
148,28,1,28,17,22,27,22,23,21,22,20,22,17
149,35,1,28,16,22,25,22,22,21,22,20,21,15
150,42,1,26,15,21,24,22,22,21,21,19,21,15
151,49,1,26,15,20,23,20,21,20,21,19,20,15
152,56,1,26,15,20,22,20,20,19,19,19,19,15
153,63,1,26,15,20,22,20,20,20,21,19,20,13
154,70,1,28,16,20,25,22,23,22,24,22,23,16
155,77,1,28,18,22,27,23,24,25,27,24,25,18
156,84,1,29,20,24,29,24,27,27,29,26,27,21
157,91,1,29,23,25,31,25,29,28,30,27,29,24
158,98,1,31,24,27,33,27,31,30,33,29,31,26
159,105,1,31,26,27,34,27,32,32,33,31,33,28
160,112,1,31,26,28,35,28,33,33,34,32,34,28
161,119,1,31,27,28,34,28,32,33,33,32,33,27
162,126,1,30,26,28,32,28,32,30,30,31,32,25
163,133,1,30,24,26,31,26,30,27,29,29,30,24
164,140,1,30,23,24,30,26,29,26,28,27,29,23
165,147,1,29,23,24,29,25,29,25,27,25,28,23
166,154,1,31,22,26,28,24,28,23,26,22,28,21
167,161,1,30,22,22,27,24,27,22,24,23,27,20
168,168,1,30,22,20,27,23,27,21,22,22,26,20
169,8,1,29,22,21,25,23,25,21,21,24,25,19
170,16,1,26,22,20,26,24,26,21,25,24,26,20
171,24,1,24,21,20,25,23,25,20,26,22,26,19
172,32,1,22,21,19,22,24,26,20,25,21,26,19
173,40,1,22,22,18,20,24,27,21,25,23,27,19
174,48,1,22,21,20,23,25,25,20,25,21,26,18
175,56,1,24,18,19,23,26,25,20,25,20,25,18
176,64,1,22,18,20,19,25,25,20,19,21,24,17
177,72,1,25,19,19,22,25,24,21,20,21,24,18
178,80,1,31,22,21,29,28,28,24,29,25,28,22
179,88,1,35,25,28,33,30,31,29,33,29,32,25
180,96,1,37,27,31,35,32,34,34,35,32,35,27
181,104,1,37,29,31,36,31,35,34,36,34,36,31
182,112,1,36,30,33,38,32,35,36,37,34,36,31
183,120,1,36,30,33,38,33,35,37,37,35,36,32
184,128,1,35,31,33,38,33,35,37,38,35,36,32
185,136,1,35,32,33,38,32,35,36,39,35,35,33
186,144,1,34,32,32,37,31,34,36,37,34,33,33
187,152,1,35,29,31,35,31,31,34,35,33,32,29
188,160,1,35,28,31,35,31,30,34,31,33,30,29
189,168,1,37,27,29,35,30,30,30,31,31,30,29
190,176,1,35,27,30,32,30,30,31,30,32,30,29
191,184,1,35,27,30,31,30,30,30,30,31,30,29
192,192,1,34,27,32,30,30,30,30,30,31,30,29
193,9,1,33,28,31,30,31,30,30,30,31,30,29
194,18,1,33,28,31,31,31,30,30,30,30,30,29
195,27,1,32,27,31,32,31,30,30,30,31,30,27
196,36,1,31,27,31,32,31,30,30,30,30,30,27
197,45,1,31,27,31,32,31,30,30,30,30,30,27
198,54,1,32,26,30,32,31,30,30,30,30,30,27
199,63,1,31,26,29,32,29,29,30,30,30,30,27
200,72,1,31,26,29,32,29,30,29,30,29,30,27
201,81,1,31,26,30,31,28,29,29,30,29,29,27
202,90,1,33,27,29,31,28,30,30,30,30,30,27
203,99,1,31,27,30,32,30,30,30,31,30,31,27
204,108,1,31,28,30,32,31,32,32,33,30,32,27
205,117,1,33,29,30,33,31,32,31,33,30,32,28
206,126,1,34,30,31,33,31,32,32,33,31,33,28
207,135,1,33,29,31,34,31,32,30,34,30,32,28
208,144,1,33,29,30,34,29,32,32,32,32,32,28
209,153,1,33,28,30,33,28,31,30,32,30,31,28
210,162,1,31,28,29,32,26,31,30,32,29,31,28
211,171,1,31,26,27,32,24,31,29,30,26,30,27
212,180,1,31,26,25,32,23,30,28,30,28,29,26
213,189,1,30,25,23,31,20,29,28,30,27,29,24
214,198,1,29,24,22,31,20,28,28,28,25,27,21
215,207,1,27,24,20,31,18,28,25,28,23,27,19
216,216,1,26,23,18,31,17,27,23,28,21,27,19
217,10,1,24,21,16,29,15,27,21,27,18,26,17
218,20,1,22,18,16,27,14,26,20,25,18,25,14
219,30,1,21,17,14,26,12,25,18,23,15,24,13
220,40,1,20,14,12,24,11,23,16,21,14,21,10
221,50,1,19,13,11,22,10,22,14,19,13,21,10
222,60,1,19,12,11,22,10,20,14,19,12,19,9
223,70,1,17,12,9,21,8,19,14,19,12,18,9
224,80,1,17,11,9,19,8,17,12,18,11,16,8
225,90,1,15,10,8,19,8,17,12,18,11,16,8
226,100,1,15,9,9,19,9,17,12,18,11,16,7
227,110,1,19,13,9,20,10,19,14,18,13,18,10
228,120,1,19,14,11,21,12,20,18,21,17,19,12
229,130,1,19,17,13,23,14,22,19,22,18,21,14
230,140,1,22,18,14,24,15,23,20,24,19,23,16
231,150,1,22,20,17,25,16,24,21,24,20,24,17
232,160,1,20,21,17,25,17,24,23,25,21,24,18
233,170,1,20,21,17,24,17,24,22,24,21,24,18
234,180,1,20,20,17,23,16,24,19,22,19,24,18
235,190,1,18,18,15,20,15,21,18,19,17,20,15
236,200,1,18,15,14,18,13,19,16,18,15,17,11
237,210,1,18,11,13,19,13,17,14,18,11,16,9
238,220,1,18,9,12,18,13,17,12,16,11,14,7
239,230,1,18,8,12,17,12,15,12,16,10,14,5
240,240,1,18,7,11,16,12,14,12,13,9,12,5
241,11,1,18,5,10,14,12,13,11,12,9,11,3
242,22,1,18,4,10,13,11,11,11,11,7,8,3
243,33,1,16,3,11,12,11,11,11,10,7,8,1
244,44,1,15,3,10,12,10,9,10,9,7,7,1
245,55,1,15,3,9,12,10,9,11,9,7,6,1
246,66,1,15,2,9,12,10,9,11,9,5,7,1
247,77,1,13,2,9,12,9,8,10,9,6,6,1
248,88,1,15,2,9,11,9,7,10,9,5,5,1
249,99,1,16,4,8,12,9,8,10,9,7,6,1
250,110,1,21,8,10,17,14,14,16,17,13,13,6
251,121,1,26,13,17,22,18,19,19,22,18,19,13
252,132,1,27,17,19,25,20,22,24,26,23,22,19
253,143,1,27,21,22,26,24,25,27,27,26,26,24
254,154,1,28,25,24,28,25,28,28,29,27,28,27
255,165,1,28,28,26,29,27,30,29,29,29,29,31
256,176,1,28,30,27,30,27,31,31,31,30,31,31
257,187,1,28,31,27,31,27,33,30,31,30,32,31
258,198,1,28,31,26,29,26,30,29,29,30,30,33
259,209,1,26,30,26,28,26,29,28,27,30,29,33
260,220,1,26,30,24,28,24,28,27,27,29,28,33
261,231,1,27,28,25,28,26,26,28,27,29,27,32
262,242,1,28,30,25,27,26,27,28,27,30,28,31
263,253,1,28,31,27,27,28,28,29,27,30,29,31
264,264,1,28,30,28,27,29,28,29,28,30,29,30
265,12,1,28,34,29,28,30,28,29,28,29,29,35
266,24,1,30,33,30,29,30,29,31,28,30,30,35
267,36,1,30,32,30,30,30,29,32,30,32,30,36
268,48,1,32,33,31,31,31,30,32,31,32,31,36
269,60,1,34,34,31,31,31,31,33,30,32,32,36
270,72,1,34,34,32,31,31,32,33,31,32,33,36
271,84,1,34,33,32,32,31,31,33,32,32,32,36
272,96,1,35,32,31,33,31,32,32,33,31,33,36
273,108,1,36,32,31,33,29,32,34,33,32,33,36
274,120,1,39,39,31,36,33,38,37,38,34,38,40
275,132,1,43,42,35,41,37,42,43,43,39,43,44
276,144,1,46,44,38,46,41,46,48,50,46,47,48
277,156,1,49,47,42,49,44,51,53,50,51,51,50
278,168,1,51,49,46,54,46,53,54,54,52,54,51
279,180,1,53,50,50,56,49,56,56,55,54,55,52
280,192,1,53,50,50,57,49,57,57,57,55,57,50
281,204,1,52,50,48,57,46,56,55,57,55,56,49
282,216,1,49,47,47,54,46,54,54,54,51,55,44
283,228,1,45,45,45,50,44,50,50,49,48,50,44
284,240,1,43,42,44,48,45,47,48,46,47,47,44
285,252,1,43,39,44,45,45,46,43,38,43,44,41
286,264,1,44,42,42,41,45,47,40,35,40,45,41
287,276,1,41,42,44,38,44,42,37,35,40,40,41
288,288,1,38,41,44,35,44,40,38,32,36,36,40
289,13,1,34,48,40,31,42,43,36,30,38,39,39
290,26,1,30,48,39,30,42,43,33,27,33,38,37
291,39,1,28,45,38,29,40,42,32,27,30,37,36
292,52,1,28,39,35,28,35,40,30,26,30,35,36
293,65,1,29,39,37,28,35,37,27,27,29,33,37
294,78,1,29,37,33,28,36,39,27,30,28,35,37
295,91,1,31,37,31,28,31,39,33,27,33,34,36
296,104,1,31,43,33,26,32,42,34,30,32,37,36
297,117,1,36,46,34,29,33,45,37,34,33,42,35
298,130,1,43,40,36,39,40,43,43,41,40,43,41
299,143,1,47,43,40,46,42,46,45,46,45,46,44
300,156,1,49,45,46,52,44,51,52,53,51,52,48
301,169,1,49,47,47,55,49,54,54,54,53,54,50
302,182,1,53,49,49,58,50,56,55,57,56,56,49
303,195,1,54,49,50,58,50,58,57,57,55,58,48
304,208,1,55,48,51,59,48,58,58,58,55,58,47
305,221,1,54,47,49,58,47,58,56,58,54,58,44
306,234,1,52,45,47,56,44,55,51,56,48,55,42
307,247,1,48,43,44,51,42,52,47,52,43,53,39
308,260,1,44,42,39,50,41,50,46,51,42,51,37
309,273,1,41,39,38,49,38,48,41,48,40,48,35
310,286,1,39,37,37,45,35,46,38,43,40,45,33
311,299,1,39,36,34,42,34,44,36,39,35,41,35
312,312,1,38,31,34,37,33,39,35,31,33,35,34
313,14,1,36,33,31,37,30,38,34,31,33,36,31
314,28,1,34,30,30,36,29,35,32,32,30,35,29
315,42,1,34,27,28,35,27,32,30,31,29,31,28
316,56,1,32,26,27,31,25,30,29,26,28,27,26
317,70,1,30,25,26,28,24,29,28,23,26,28,25
318,84,1,30,23,24,26,23,27,27,22,25,26,24
319,98,1,29,24,23,26,21,26,25,21,23,24,24
320,112,1,27,22,22,23,21,25,22,20,22,24,21
321,126,1,29,22,20,25,20,25,25,21,23,23,23
322,140,1,31,27,22,33,23,32,29,32,28,31,27
323,154,1,35,31,24,36,24,35,31,36,32,35,31
324,168,1,36,32,25,38,24,36,34,37,33,37,33
325,182,1,37,34,27,40,25,39,36,39,35,39,34
326,196,1,37,37,27,42,26,41,36,41,35,41,36
327,210,1,37,40,28,43,28,43,38,42,37,43,37
328,224,1,35,41,29,43,27,45,39,44,38,44,38
329,238,1,35,42,27,43,25,45,38,43,38,44,39
330,252,1,34,40,26,41,24,43,38,41,38,43,38
331,266,1,33,38,26,38,26,41,34,38,36,40,37
332,280,1,32,35,26,36,26,36,31,34,34,36,37
333,294,1,32,36,28,35,28,34,30,31,34,35,39
334,308,1,34,37,28,32,29,35,31,35,33,36,38
335,322,1,36,36,30,34,30,35,31,35,32,36,38
336,336,1,38,37,30,35,32,37,32,34,33,37,38
337,15,1,39,38,32,36,33,37,32,35,33,38,38
338,30,1,40,37,34,38,35,39,33,37,31,40,35
339,45,1,40,39,35,38,36,40,34,37,32,39,41
340,60,1,42,42,34,39,35,43,34,39,32,42,41
341,75,1,42,40,33,39,33,43,34,37,31,42,39
342,90,1,40,39,32,41,31,44,34,43,30,43,37
343,105,1,39,38,31,43,26,45,34,41,32,41,35
344,120,1,38,36,28,42,23,43,35,39,32,43,33
345,135,1,38,34,24,40,20,43,32,37,31,42,33
346,150,1,36,34,22,40,19,43,31,39,31,42,31
347,165,1,32,34,22,41,19,43,32,39,32,43,30
348,180,1,32,34,21,42,20,44,35,38,35,43,33
349,195,1,32,36,24,40,22,45,36,38,36,44,34
350,210,1,31,36,26,40,24,45,37,40,38,44,35
351,225,1,31,36,26,40,26,44,38,39,39,44,35
352,240,1,31,35,27,40,26,44,39,39,39,44,35
353,255,1,31,34,26,40,26,44,40,42,39,44,33
354,270,1,29,33,25,37,24,41,37,41,36,42,31
355,285,1,28,31,24,31,23,38,34,34,34,39,30
356,300,1,29,29,23,29,22,38,32,30,32,36,28
357,315,1,28,28,23,28,22,36,30,27,30,34,26
358,330,1,28,27,22,26,21,35,28,26,29,33,25
359,345,1,30,26,21,25,21,34,27,29,28,33,24
360,360,1,29,25,22,24,20,33,27,23,28,31,22
361,16,1,28,24,20,23,17,33,25,26,26,31,22
362,32,1,27,22,18,26,15,31,23,27,24,29,20
363,48,1,25,21,16,27,13,30,22,26,22,29,18
364,64,1,23,20,15,25,13,29,20,22,20,27,18
365,80,1,23,18,14,24,13,27,20,21,19,25,16
366,96,1,21,17,14,23,13,27,18,19,18,23,16
367,112,1,21,18,14,22,13,26,18,19,16,23,15
368,128,1,21,17,14,21,13,25,18,18,15,22,14
369,144,1,22,15,15,21,15,24,18,19,16,21,13
370,160,1,25,18,16,24,17,27,20,24,18,27,15
371,176,1,26,21,18,27,19,30,24,27,22,29,17
372,192,1,28,22,21,32,22,32,27,32,27,32,19
373,208,1,28,24,23,34,24,34,30,35,29,35,23
374,224,1,30,28,26,35,26,36,31,35,30,36,24
375,240,1,31,29,27,36,27,36,34,36,32,36,26
376,256,1,32,31,27,37,28,37,34,38,33,37,28
377,272,1,32,31,27,37,27,37,34,37,33,37,30
378,288,1,30,31,27,36,26,37,32,35,31,37,27
379,304,1,30,29,26,33,26,34,30,32,29,32,27
380,320,1,30,27,25,29,25,31,28,25,27,29,24
381,336,1,30,25,24,25,24,29,26,22,25,28,23
382,352,1,30,23,24,24,24,28,26,20,25,25,21
383,368,1,29,21,24,23,23,27,22,20,23,24,18
384,384,1,29,19,23,22,22,24,23,19,21,22,19
385,17,1,29,21,22,23,22,25,20,20,22,23,18
386,34,1,28,19,22,24,22,24,21,22,21,21,16
387,51,1,27,18,22,23,22,26,22,22,20,23,15
388,68,1,27,16,22,21,22,24,21,23,20,23,14
389,85,1,26,19,21,22,21,26,22,21,19,23,15
390,102,1,26,18,20,21,20,25,20,18,20,22,14
391,119,1,26,19,20,21,20,24,20,16,18,20,13
392,136,1,26,19,19,19,20,23,19,16,17,20,15
393,153,1,28,20,20,21,20,25,19,19,19,22,16
394,170,1,30,23,20,28,22,31,26,27,25,29,18
395,187,1,34,26,24,33,26,35,31,33,30,34,21
396,204,1,34,28,28,36,29,37,34,38,33,37,24
397,221,1,35,32,30,39,31,41,36,41,35,40,27
398,238,1,35,34,33,42,33,42,37,42,37,42,30
399,255,1,37,36,35,43,35,43,38,43,37,43,33
400,272,1,35,37,35,44,35,44,38,43,39,44,34
401,289,1,35,37,35,44,34,44,38,43,38,44,34
402,306,1,34,37,35,43,33,43,38,41,36,43,34
403,323,1,34,36,33,42,32,42,37,39,35,42,34
404,340,1,34,36,32,41,31,42,36,39,35,41,34
405,357,1,34,35,32,40,31,40,35,39,35,40,34
406,374,1,34,35,31,40,31,40,36,39,35,40,34
407,391,1,34,34,29,40,29,39,35,39,33,39,34
408,408,1,36,34,29,40,29,37,34,39,32,38,34
409,18,1,38,34,29,37,29,36,33,36,32,36,34
410,36,1,37,35,30,36,30,37,33,35,32,37,34
411,54,1,35,35,31,36,31,37,34,35,32,38,34
412,72,1,35,36,32,36,32,38,34,36,32,38,35
413,90,1,35,37,33,36,33,38,36,36,34,38,36
414,108,1,37,38,33,37,33,38,37,37,35,38,38
415,126,1,37,38,34,37,34,38,37,37,35,38,38
416,144,1,37,38,35,37,35,38,38,37,35,38,37
417,162,1,38,38,35,37,36,38,38,37,35,38,37
418,180,1,38,38,36,38,36,39,39,37,36,39,40
419,198,1,39,39,37,39,37,40,39,38,38,41,42
420,216,1,41,39,38,41,38,40,38,38,40,41,43
421,234,1,44,41,38,43,38,42,39,40,40,43,43
422,252,1,46,42,39,45,38,46,40,42,40,45,44
423,270,1,44,40,39,49,39,47,41,43,40,45,43
424,288,1,45,41,39,50,38,48,41,51,40,48,42
425,306,1,47,41,38,52,38,49,40,60,38,51,40
426,324,1,42,42,38,51,37,50,39,57,37,51,40
427,342,1,40,40,36,49,35,49,38,53,36,49,36
428,360,1,39,37,36,44,34,47,37,39,36,45,35
429,378,1,36,35,33,42,34,45,37,39,36,43,34
430,396,1,36,33,34,40,34,42,36,37,35,41,33
431,414,1,37,31,33,39,33,39,34,36,34,39,31
432,432,1,36,30,32,39,32,38,33,35,32,37,28
433,19,1,35,29,30,36,30,37,31,33,31,36,28
434,38,1,34,27,29,35,28,36,29,32,29,35,25
435,57,1,32,26,27,34,26,35,28,32,27,33,24
436,76,1,30,26,26,32,25,34,27,30,27,32,24
437,95,1,29,25,25,32,24,33,26,29,26,30,22
438,114,1,29,25,24,31,24,32,25,28,26,30,24
439,133,1,27,24,24,29,24,31,25,27,26,29,24
440,152,1,27,24,24,28,24,30,24,24,26,27,22
441,171,1,28,24,24,27,25,29,25,24,26,26,19
442,190,1,30,23,24,29,26,30,27,32,27,30,21
443,209,1,31,24,26,32,27,32,29,32,29,32,22
444,228,1,31,24,27,34,28,33,31,34,29,34,24
445,247,1,33,26,28,36,29,35,33,35,31,35,26
446,266,1,33,27,30,37,29,36,34,38,32,37,26
447,285,1,33,28,30,38,29,37,35,38,33,38,28
448,304,1,35,29,29,39,29,38,36,39,34,38,28
449,323,1,34,27,30,39,28,37,35,39,33,37,27
450,342,1,32,26,29,37,27,35,32,36,31,35,25
451,361,1,30,25,26,32,26,33,30,30,29,32,23
452,380,1,30,23,26,31,26,31,28,28,28,30,20
453,399,1,30,22,25,30,26,30,27,27,26,29,20
454,418,1,29,20,25,31,25,28,26,28,26,28,20
455,437,1,28,20,24,29,24,27,24,28,23,27,19
456,456,1,28,19,24,28,23,25,24,27,23,25,18
457,20,1,26,19,22,27,22,25,22,27,21,25,18
458,40,1,26,16,22,26,22,23,22,25,22,22,17
459,60,1,26,17,21,25,22,23,21,23,22,21,17
460,80,1,26,15,21,24,21,21,21,22,22,19,16
461,100,1,26,15,21,23,21,20,21,21,22,19,17
462,120,1,26,14,21,23,22,19,21,20,20,18,17
463,140,1,25,14,21,22,22,19,21,19,20,17,17
464,160,1,25,13,21,21,22,18,21,19,19,17,16
465,180,1,25,14,22,23,23,19,21,20,21,18,16
466,200,1,27,19,23,25,25,24,25,26,24,25,18
467,220,1,28,20,26,28,27,26,27,27,26,27,19
468,240,1,28,22,27,30,28,28,28,31,27,29,22
469,260,1,31,24,28,32,28,30,30,33,29,31,24
470,280,1,31,25,29,34,29,32,31,33,30,32,25
471,300,1,31,26,29,35,29,34,32,34,32,34,28
472,320,1,33,27,30,35,29,34,34,34,32,35,28
473,340,1,31,27,29,35,29,34,30,32,31,35,27
474,360,1,30,26,29,34,27,33,29,32,29,33,25
475,380,1,29,23,27,30,26,30,28,28,27,29,23
476,400,1,28,22,26,28,26,28,26,24,26,27,21
477,420,1,28,21,25,25,25,26,25,22,25,26,20
478,440,1,28,21,24,23,24,26,23,24,23,25,18
479,460,1,28,19,24,25,23,24,23,25,22,25,18
480,480,1,26,19,23,26,23,24,21,25,20,24,17
481,21,1,26,20,22,25,22,25,21,23,19,23,16
482,42,1,26,18,22,24,22,23,20,23,19,22,15
483,63,1,26,16,21,23,21,21,19,21,18,20,16
484,84,1,22,17,20,22,20,21,17,17,16,18,15
485,105,1,22,17,20,20,20,21,17,17,15,18,14
486,126,1,22,14,19,19,19,19,16,15,14,17,15
487,147,1,22,14,18,18,19,18,15,14,14,16,13
488,168,1,22,11,17,18,18,16,14,13,13,15,11
489,189,1,25,13,17,19,19,19,15,16,14,18,13
490,210,1,27,17,20,24,21,24,20,23,18,23,15
491,231,1,28,18,22,27,24,26,25,26,23,26,16
492,252,1,28,21,24,29,26,28,27,29,27,28,19
493,273,1,29,22,26,32,27,30,29,31,28,30,21
494,294,1,31,24,28,33,29,32,30,34,29,32,23
495,315,1,32,26,29,34,30,34,30,33,30,32,25
496,336,1,31,28,30,35,30,35,31,34,31,34,27
497,357,1,31,29,29,35,27,35,31,34,31,34,29
498,378,1,30,29,28,35,27,35,31,34,30,34,28
499,399,1,27,27,26,29,26,32,28,28,28,30,27
500,420,1,23,24,24,27,24,27,26,24,25,26,26
501,441,1,21,24,23,26,24,27,23,22,21,25,25
502,462,1,21,21,20,25,21,26,22,20,20,23,23
503,483,1,21,21,20,25,20,25,21,20,19,23,24
504,504,1,22,21,17,27,18,25,21,21,19,22,25
505,22,1,21,21,16,28,19,25,21,21,19,21,26
506,44,1,25,26,17,28,20,27,22,21,20,23,25
507,66,1,27,26,20,28,20,26,24,24,22,23,27
508,88,1,27,25,24,28,23,26,25,27,24,23,29
509,110,1,28,28,26,28,25,28,22,27,24,25,30
510,132,1,31,26,26,28,28,26,22,27,24,25,31
511,154,1,31,27,26,29,27,28,23,28,26,26,29
512,176,1,31,28,27,29,28,29,22,27,26,27,30
513,198,1,34,30,27,30,29,30,26,29,28,29,33
514,220,1,37,32,30,35,32,35,31,35,32,35,35
515,242,1,41,36,34,41,34,41,39,40,37,40,38
516,264,1,45,39,38,46,37,45,43,44,41,44,38
517,286,1,47,41,39,49,40,48,47,51,45,48,41
518,308,1,48,43,42,52,43,51,49,53,47,52,42
519,330,1,50,43,44,54,44,52,52,54,47,53,41
520,352,1,50,42,45,55,43,52,51,54,48,52,41
521,374,1,50,42,45,54,42,51,50,52,47,51,40
522,396,1,48,39,43,53,41,50,48,51,44,49,37
523,418,1,45,37,41,51,39,46,47,50,42,46,35
524,440,1,47,35,39,51,38,45,42,49,38,45,35
525,462,1,45,34,38,49,37,44,39,45,36,42,33
526,484,1,40,32,34,45,35,43,38,42,36,40,30
527,506,1,39,30,33,43,32,40,36,40,34,37,27
528,528,1,37,29,31,40,29,40,33,37,31,36,25
529,23,1,33,26,27,35,25,37,31,29,30,35,24
530,46,1,32,23,25,34,22,35,27,31,28,34,22
531,69,1,29,21,23,34,20,33,25,32,22,31,19
532,92,1,27,21,20,32,18,32,23,30,21,30,18
533,115,1,25,19,18,28,17,30,21,27,20,28,17
534,138,1,23,18,18,28,17,27,20,24,19,26,16
535,161,1,22,16,17,26,16,26,19,25,17,25,15
536,184,1,21,15,17,25,17,25,18,20,14,23,14
537,207,1,23,15,17,24,17,24,18,23,18,23,15
538,230,1,26,16,18,26,19,26,20,25,20,26,15
539,253,1,27,18,20,28,20,28,23,27,22,28,17
540,276,1,28,20,21,31,20,30,25,29,25,30,18
541,299,1,28,21,21,34,20,31,28,33,27,31,22
542,322,1,29,24,21,35,20,33,30,35,29,33,23
543,345,1,30,25,21,36,20,34,31,35,29,34,25
544,368,1,30,27,22,37,21,35,34,36,32,35,27
545,391,1,29,29,22,36,21,36,31,35,31,36,29
546,414,1,29,29,21,35,20,36,30,34,30,35,28
547,437,1,24,27,21,32,20,31,29,28,27,31,25
548,460,1,23,27,18,27,19,30,26,27,26,31,25
549,483,1,22,26,17,27,17,28,25,27,26,30,26
550,506,1,24,26,15,29,15,29,25,30,26,31,25
551,529,1,25,27,17,30,17,29,27,30,26,31,25
552,552,1,27,28,16,31,18,31,28,31,26,32,27
553,24,1,27,27,17,32,17,31,28,32,25,33,28
554,48,1,29,26,18,32,18,30,28,32,24,30,28
555,72,1,30,25,18,33,17,31,27,33,23,31,29
556,96,1,30,25,17,35,17,31,27,32,23,29,26
557,120,1,30,28,17,35,17,32,25,27,23,28,25
558,144,1,29,29,17,32,17,32,25,23,23,29,25
559,168,1,29,28,18,29,18,32,25,22,23,28,25
560,192,1,27,26,18,26,18,29,25,25,23,26,25
561,216,1,28,29,18,29,17,33,25,26,23,29,25
562,240,1,32,33,19,36,19,39,26,34,24,35,26
563,264,1,36,36,20,41,20,44,27,37,26,39,27
564,288,1,36,40,21,46,20,49,29,44,27,45,31
565,312,1,37,40,21,51,20,51,30,47,29,47,31
566,336,1,32,39,23,51,20,51,29,46,28,48,35
567,360,1,32,41,24,49,21,51,29,43,28,50,38
568,384,1,30,39,23,45,22,52,29,38,29,48,36
569,408,1,29,39,21,39,22,52,29,34,30,46,34
570,432,1,27,36,22,33,22,50,27,30,29,43,32
571,456,1,25,33,20,31,20,39,25,28,26,36,28
572,480,1,23,31,19,29,19,35,24,27,25,33,27
573,504,1,23,28,19,28,17,31,23,27,25,30,24
574,528,1,23,26,17,27,17,30,23,25,23,29,21
575,552,1,25,23,14,26,18,27,21,25,22,27,17
576,576,1,23,21,16,26,17,27,20,25,20,26,18
577,25,1,23,20,16,25,17,25,20,25,20,25,17
578,50,1,23,17,13,25,16,25,19,23,20,24,16
579,75,1,23,15,15,24,15,24,19,21,18,23,13
580,100,1,21,14,14,23,13,23,19,21,18,22,13
581,125,1,20,13,14,23,13,22,17,21,17,22,13
582,150,1,20,13,12,22,11,22,17,21,17,22,11
583,175,1,19,12,11,22,11,22,17,19,17,21,11
584,200,1,18,13,11,21,11,21,16,19,15,21,11
585,225,1,18,13,11,22,11,21,17,21,16,21,11
586,250,1,19,14,12,23,13,21,17,21,16,21,11
587,275,1,20,15,15,23,15,22,19,21,17,22,14
588,300,1,20,16,15,25,17,22,19,21,18,22,14
589,325,1,20,16,17,25,18,22,20,23,18,22,15
590,350,1,22,15,18,25,19,19,20,23,19,20,16
591,375,1,22,16,18,25,19,19,20,22,20,19,17
592,400,1,22,17,19,22,20,19,21,19,21,19,16
593,425,1,21,17,19,20,20,18,20,19,20,18,17
594,450,1,21,17,19,20,19,17,20,19,19,18,17
595,475,1,22,16,19,19,19,17,19,19,18,17,16
596,500,1,22,16,20,20,19,17,17,19,17,17,16
597,525,1,21,17,20,21,20,18,16,19,17,18,17
598,550,1,22,16,20,21,20,18,16,19,17,18,15
599,575,1,22,17,20,22,20,17,18,18,18,17,16
600,600,1,23,17,18,24,20,17,16,18,17,17,16
601,26,1,23,17,17,27,18,17,16,19,17,17,18
602,52,1,25,18,17,26,18,17,16,19,17,17,18
603,78,1,26,19,17,26,18,18,17,19,17,17,18
604,104,1,25,19,18,26,19,18,17,19,17,18,18
605,130,1,24,19,18,25,18,18,17,19,17,18,19
606,156,1,25,19,18,25,19,18,17,20,17,18,18
607,182,1,27,19,19,25,19,18,17,20,17,18,19
608,208,1,28,20,20,26,20,18,17,20,17,18,18
609,234,1,32,20,20,26,20,19,18,20,18,19,19
610,260,1,34,21,21,27,20,19,18,20,18,19,19
611,286,1,34,22,23,28,22,20,19,22,19,20,20
612,312,1,35,23,23,29,25,22,20,22,19,21,21
613,338,1,35,24,26,29,27,22,20,24,19,22,21
614,364,1,36,26,28,29,27,23,22,24,21,23,23
615,390,1,36,27,29,30,29,24,22,25,21,23,24
616,416,1,36,27,31,30,29,24,22,26,21,23,24
617,442,1,36,28,31,31,29,24,22,26,21,23,23
618,468,1,36,28,31,31,30,24,22,26,21,23,25
619,494,1,37,27,31,30,31,25,22,26,21,24,24
620,520,1,37,27,31,30,31,26,23,26,23,25,24
621,546,1,37,27,31,31,31,26,23,26,23,25,24
622,572,1,37,27,31,31,31,26,23,27,23,25,24
623,598,1,37,27,31,31,31,26,23,26,23,26,24
624,624,1,37,28,31,31,31,26,22,26,21,26,24
625,27,1,36,29,31,31,30,26,23,27,23,26,24
626,54,1,36,28,31,31,30,26,23,26,23,26,24
627,81,1,36,28,31,31,31,26,23,26,23,26,24
628,108,1,36,28,31,31,31,26,23,26,23,26,24
629,135,1,37,28,32,31,31,26,23,26,23,26,23
630,162,1,36,26,33,31,33,26,23,27,23,26,22
631,189,1,38,27,33,30,32,27,23,27,23,26,23
632,216,1,36,28,34,29,33,27,23,27,22,26,23
633,243,1,38,28,34,29,33,27,23,27,22,26,23
634,270,1,38,28,34,30,34,28,23,28,24,27,23
635,297,1,40,29,34,30,34,28,24,28,24,28,24
636,324,1,41,30,35,30,35,29,26,29,26,29,25
637,351,1,41,31,35,31,35,30,27,30,26,29,27
638,378,1,41,30,36,32,35,30,28,31,27,30,26
639,405,1,43,30,36,33,35,31,27,30,27,30,26
640,432,1,41,30,37,33,35,31,27,30,27,30,28
641,459,1,41,31,36,33,35,31,27,30,27,31,28
642,486,1,38,30,36,33,35,31,28,30,29,31,27
643,513,1,36,29,36,32,35,31,28,29,29,30,26
644,540,1,34,29,36,32,36,31,28,29,29,30,26
645,567,1,33,29,37,32,36,32,28,30,29,33,26
646,594,1,31,29,34,32,33,33,28,30,28,33,26
647,621,1,31,28,31,32,29,32,28,31,28,33,26
648,648,1,31,26,29,33,27,31,28,31,29,32,25
649,28,1,31,24,27,33,26,30,27,30,27,30,23
650,56,1,31,24,27,33,26,28,27,31,27,28,22
651,84,1,31,23,28,33,27,27,25,30,26,27,24
652,112,1,31,22,28,32,27,26,22,28,22,26,22
653,140,1,31,22,28,30,28,26,20,27,20,25,22
654,168,1,30,21,27,28,26,25,18,25,21,25,22
655,196,1,29,21,27,27,26,25,21,24,21,24,22
656,224,1,29,20,26,25,26,24,21,24,20,24,20
657,252,1,29,20,25,24,26,23,21,23,21,23,20
658,280,1,30,20,26,26,26,25,23,25,25,25,21
659,308,1,31,22,27,29,28,27,27,26,26,27,24
660,336,1,31,23,28,30,28,28,29,28,28,28,24
661,364,1,32,24,28,32,28,29,30,29,29,29,25
662,392,1,34,26,28,32,28,32,30,30,31,32,26
663,420,1,33,28,28,33,29,34,33,31,32,34,28
664,448,1,33,29,29,35,29,35,33,34,33,35,30
665,476,1,31,30,29,35,28,35,34,36,33,36,30
666,504,1,32,30,28,35,28,35,33,35,32,36,30
667,532,1,31,28,27,33,26,34,29,32,30,34,26
668,560,1,31,27,26,32,26,33,25,30,27,33,22
669,588,1,31,26,26,32,26,33,22,69,27,42,23
670,616,1,29,24,25,31,25,31,24,65,28,39,25
671,644,1,30,25,25,31,25,33,24,71,26,42,24
672,672,1,27,26,25,30,25,32,23,73,25,41,25
673,29,1,29,27,24,30,25,32,22,65,24,40,27
674,58,1,29,27,22,30,23,31,20,58,24,38,28
675,87,1,31,28,22,30,23,31,21,60,24,38,30
676,116,1,29,29,20,31,20,32,21,61,24,40,28
677,145,1,29,28,17,31,20,32,20,57,19,38,27
678,174,1,25,27,18,32,22,32,21,57,21,38,28
679,203,1,25,28,17,33,19,33,22,56,22,39,28
680,232,1,24,29,17,34,22,34,23,55,23,39,28
681,261,1,33,29,18,35,24,34,24,55,25,40,28
682,290,1,34,31,22,37,28,36,25,58,26,42,31
683,319,1,36,33,29,41,31,40,33,63,32,45,33
684,348,1,40,35,33,44,33,42,39,67,37,48,35
685,377,1,45,36,35,45,35,43,44,65,41,49,38
686,406,1,46,37,35,47,35,44,45,65,43,50,38
687,435,1,46,38,36,48,36,45,45,64,44,50,38
688,464,1,47,39,36,49,36,46,47,64,45,50,40
689,493,1,46,39,37,49,36,46,46,63,44,50,40
690,522,1,45,39,36,47,35,46,44,58,44,49,39
691,551,1,37,38,32,44,32,43,39,54,37,46,38
692,580,1,34,34,29,42,29,40,39,53,37,42,35
693,609,1,35,34,28,41,29,41,37,45,36,40,34
694,638,1,32,34,28,40,28,39,36,49,35,39,35
695,667,1,32,34,29,39,27,37,35,52,34,38,33
696,696,1,30,30,29,38,27,34,34,53,33,37,33
697,30,1,30,29,28,37,27,35,32,48,31,35,33
698,60,1,30,31,28,37,27,36,31,53,31,37,34
699,90,1,30,27,27,38,27,34,31,53,29,37,33
700,120,1,31,26,26,40,26,34,30,55,29,38,32
701,150,1,33,25,26,39,25,33,29,54,28,36,32
702,180,1,33,23,25,40,24,32,28,55,28,36,32
703,210,1,33,26,24,40,23,35,28,54,27,37,31
704,240,1,33,28,24,42,22,37,28,54,26,38,25
705,270,1,34,26,24,42,21,35,27,44,26,34,24
706,300,1,35,31,23,43,21,41,29,43,27,39,23
707,330,1,39,31,23,45,21,43,29,44,26,41,25
708,360,1,36,31,23,49,22,43,29,46,27,42,29
709,390,1,35,30,25,49,24,42,30,45,28,42,30
710,420,1,34,29,26,47,26,42,31,44,27,43,28
711,450,1,29,27,26,43,27,41,31,41,28,41,26
712,480,1,29,27,27,38,28,41,35,40,31,39,26
713,510,1,29,25,27,36,27,40,33,38,32,38,24
714,540,1,29,24,27,34,26,36,30,36,31,35,24
715,570,1,28,23,26,31,24,34,28,35,27,34,21
716,600,1,29,22,23,30,23,32,26,33,26,32,19
717,630,1,29,21,22,29,22,30,25,29,25,29,18
718,660,1,28,20,21,27,20,29,23,28,23,29,17
719,690,1,27,18,20,26,19,28,21,23,22,26,16
720,720,1,26,17,19,25,19,26,20,25,21,26,15
721,31,1,25,16,18,26,17,25,20,26,20,25,14
722,62,1,25,14,17,26,17,24,17,25,18,23,14
723,93,1,23,13,17,24,17,22,16,22,17,22,13
724,124,1,22,11,16,22,16,21,13,20,17,21,12
725,155,1,22,10,15,20,15,20,14,19,15,19,10
726,186,1,20,9,15,20,15,18,14,19,15,18,9
727,217,1,20,8,15,20,15,17,13,18,15,17,8
728,248,1,20,8,15,20,15,16,13,17,15,16,8
729,279,1,22,8,15,21,15,17,14,18,15,17,7
730,310,1,25,7,16,23,17,20,19,19,19,19,7
731,341,1,26,11,18,26,18,22,22,23,21,21,11
732,372,1,28,15,19,28,19,24,25,27,24,25,15
733,403,1,28,18,21,30,20,26,27,28,26,27,17
734,434,1,28,21,22,33,22,30,30,30,27,29,21
735,465,1,29,24,24,35,23,32,32,32,30,32,23
736,496,1,29,26,24,36,24,34,33,31,32,33,25
737,527,1,29,27,25,36,24,34,33,25,31,32,25
738,558,1,29,28,24,35,23,34,31,24,31,32,27
739,589,1,27,25,23,30,22,30,28,20,27,29,25
740,620,1,25,22,22,26,22,28,27,13,22,24,22
741,651,1,26,18,20,25,20,27,24,12,20,23,14
742,682,1,26,14,20,23,20,24,21,12,19,20,13
743,713,1,26,14,20,22,20,24,20,11,18,20,12
744,744,1,26,12,18,21,18,22,19,9,18,18,8
745,1,2,26,13,19,18,19,21,17,7,14,18,9
746,2,2,24,11,19,19,19,22,17,8,14,17,7
747,3,2,25,9,17,22,17,19,19,9,14,16,6
748,4,2,23,9,17,22,17,19,19,10,14,17,6
749,5,2,23,12,17,22,17,24,17,11,15,20,5
750,6,2,23,10,17,21,17,21,17,10,15,17,5
751,7,2,23,9,17,20,17,20,17,8,16,17,4
752,8,2,21,8,17,21,17,19,16,9,13,17,4
753,9,2,26,9,17,23,17,20,17,8,15,16,6
754,10,2,28,10,18,25,18,23,21,14,19,19,9
755,11,2,29,15,21,28,21,26,26,18,23,23,13
756,12,2,30,19,24,30,24,29,29,20,26,26,16
757,13,2,32,22,27,34,27,31,32,23,29,28,21
758,14,2,31,26,29,35,29,34,35,25,31,31,24
759,15,2,32,30,30,36,30,35,36,25,33,33,27
760,16,2,32,32,32,37,32,37,36,27,33,35,29
761,17,2,31,35,33,38,33,38,36,28,34,35,31
762,18,2,29,36,31,37,31,38,34,26,34,35,33
763,19,2,28,33,29,30,29,33,31,21,29,31,31
764,20,2,27,26,27,27,28,30,29,15,28,26,27
765,21,2,25,23,26,26,26,29,27,14,25,25,21
766,22,2,27,21,23,25,23,27,27,14,22,23,18
767,23,2,24,21,21,23,21,28,23,13,20,24,15
768,24,2,22,19,19,24,19,26,22,12,18,21,15
769,2,2,22,18,21,21,20,25,21,9,18,20,15
770,4,2,22,15,19,20,18,24,20,8,18,19,11
771,6,2,21,17,18,20,18,24,20,8,16,19,11
772,8,2,24,17,17,19,17,25,20,8,15,20,9
773,10,2,24,15,15,19,15,23,18,8,15,19,9
774,12,2,22,15,15,19,15,23,18,8,16,17,8
775,14,2,21,13,15,18,15,22,17,6,15,16,7
776,16,2,20,11,17,18,17,19,16,7,13,15,7
777,18,2,25,13,15,22,15,23,20,11,17,18,7
778,20,2,33,18,19,29,19,28,25,17,24,24,10
779,22,2,37,23,27,33,27,32,30,22,28,29,15
780,24,2,42,26,31,38,35,34,36,26,31,32,21
781,26,2,43,31,34,41,36,38,39,30,34,35,27
782,28,2,43,37,36,44,38,40,41,32,37,37,34
783,30,2,43,38,38,45,38,42,41,33,37,39,35
784,32,2,42,40,40,46,38,43,40,33,37,40,37
785,34,2,40,40,40,45,37,43,40,33,37,40,38
786,36,2,37,40,36,41,33,42,38,31,36,39,38
787,38,2,34,38,32,38,31,39,37,26,33,36,37
788,40,2,32,37,31,36,30,37,34,27,31,34,36
789,42,2,32,36,31,35,31,36,33,25,32,33,35
790,44,2,30,36,30,31,30,36,32,23,30,33,35
791,46,2,32,35,27,31,29,35,30,22,28,32,36
792,48,2,33,35,25,31,29,34,28,22,27,30,34
793,3,2,35,35,28,31,28,34,27,22,27,31,35
794,6,2,35,35,28,34,26,35,28,23,28,32,34
795,9,2,37,34,25,34,28,34,29,23,29,31,34
796,12,2,38,34,27,37,29,34,31,24,31,32,34
797,15,2,40,33,30,39,29,34,31,26,30,32,32
798,18,2,42,34,31,42,32,36,32,30,30,33,31
799,21,2,45,34,33,44,36,36,32,31,31,33,32
800,24,2,47,34,37,45,39,39,32,29,31,34,33
801,27,2,47,35,40,47,41,37,34,30,32,33,34
802,30,2,48,35,42,51,42,36,34,32,32,33,34
803,33,2,48,35,42,49,43,36,35,28,32,33,34
804,36,2,50,35,43,49,43,38,35,30,34,34,34
805,39,2,50,37,45,49,45,39,35,36,34,36,36
806,42,2,49,38,45,50,45,41,37,41,36,40,36
807,45,2,51,40,45,48,47,43,39,46,38,44,38
808,48,2,51,42,47,47,47,46,43,52,42,47,41
809,51,2,47,44,48,49,47,48,41,58,43,50,41
810,54,2,43,44,43,48,43,47,41,58,41,50,41
811,57,2,41,42,40,45,40,44,37,55,39,47,41
812,60,2,39,42,38,43,38,42,34,65,35,46,42
813,63,2,39,40,37,42,37,40,32,66,33,46,40
814,66,2,39,38,37,41,37,39,32,64,34,44,40
815,69,2,39,36,35,41,36,39,32,54,36,41,39
816,72,2,38,36,35,41,35,39,33,55,37,43,37
817,4,2,38,35,34,39,35,38,32,48,33,38,37
818,8,2,39,35,33,38,35,38,31,47,31,39,36
819,12,2,39,33,34,38,35,36,30,44,30,38,35
820,16,2,38,31,32,35,34,34,30,35,30,34,34
821,20,2,37,29,33,34,35,33,29,28,30,32,34
822,24,2,35,31,33,33,35,34,29,24,28,32,34
823,28,2,34,30,34,29,35,34,27,25,28,32,33
824,32,2,36,27,33,29,33,32,26,22,28,29,31
825,36,2,38,28,31,31,33,32,29,23,29,28,30
826,40,2,41,32,34,38,36,37,35,29,36,35,32
827,44,2,43,34,37,42,39,40,42,31,41,39,34
828,48,2,43,36,39,44,40,43,43,34,41,42,36
829,52,2,43,37,40,45,41,45,45,36,43,43,36
830,56,2,43,39,40,48,42,47,46,38,44,45,36
831,60,2,43,41,42,48,42,49,46,40,45,47,38
832,64,2,43,41,42,50,42,49,46,51,45,50,38
833,68,2,43,42,42,50,42,50,46,51,45,50,38
834,72,2,40,41,40,48,40,48,43,48,43,48,37
835,76,2,36,36,38,41,38,42,38,39,36,40,37
836,80,2,32,33,35,37,36,38,37,34,33,37,33
837,84,2,30,30,33,34,34,35,33,33,31,34,29
838,88,2,30,28,30,32,33,35,30,30,30,32,27
839,92,2,30,28,28,30,32,35,29,29,28,32,26
840,96,2,30,26,27,29,31,33,27,32,27,32,24
841,5,2,30,26,29,28,31,33,27,29,26,31,22
842,10,2,30,24,28,27,31,32,25,27,23,30,19
843,15,2,29,26,25,26,31,32,23,26,22,29,20
844,20,2,30,24,26,26,30,28,24,25,22,27,19
845,25,2,30,23,25,26,29,28,22,26,21,26,18
846,30,2,29,24,28,26,29,29,23,27,21,27,18
847,35,2,30,23,28,26,29,29,22,24,24,26,16
848,40,2,27,25,27,26,29,29,22,23,22,27,17
849,45,2,31,26,27,29,30,31,23,27,24,29,19
850,50,2,37,27,30,33,33,32,30,33,29,32,21
851,55,2,39,29,33,36,34,34,33,35,31,34,24
852,60,2,39,34,34,38,35,37,35,38,32,36,29
853,65,2,40,34,36,43,35,39,37,42,34,39,30
854,70,2,44,35,36,45,35,40,37,43,34,40,31
855,75,2,42,36,36,45,35,41,38,43,35,40,33
856,80,2,42,36,36,45,35,41,38,44,35,40,35
857,85,2,39,35,36,44,35,40,38,43,35,39,34
858,90,2,37,33,36,41,34,39,37,42,35,38,34
859,95,2,35,32,34,38,33,39,36,41,33,38,31
860,100,2,35,32,33,37,32,37,36,41,33,37,31
861,105,2,37,32,33,37,32,37,35,39,33,37,31
862,110,2,37,32,32,37,32,36,34,38,32,37,31
863,115,2,38,32,32,37,33,36,32,38,31,36,32
864,120,2,38,32,32,39,33,35,32,38,31,35,32
865,6,2,40,33,33,39,33,35,31,38,31,34,32
866,12,2,41,33,33,40,34,34,31,37,31,33,33
867,18,2,41,34,34,40,34,34,31,37,31,33,35
868,24,2,42,33,34,42,35,34,31,37,31,33,35
869,30,2,43,33,35,43,36,35,32,35,31,33,35
870,36,2,44,34,37,44,38,35,32,36,32,33,35
871,42,2,47,33,38,45,39,35,32,39,32,34,35
872,48,2,49,34,40,47,42,36,33,38,32,35,35
873,54,2,53,35,42,52,43,37,33,40,32,35,35
874,60,2,54,35,42,55,44,38,33,42,32,36,35
875,66,2,58,35,45,61,46,40,33,45,32,37,35
876,72,2,60,35,50,63,52,43,33,46,32,38,36
877,78,2,63,35,51,66,53,44,33,47,33,38,35
878,84,2,61,36,52,69,41,43,34,47,33,37,37
879,90,2,54,36,44,64,41,42,34,43,34,36,37
880,96,2,53,37,41,62,41,39,34,41,33,37,37
881,102,2,51,37,41,52,40,38,35,39,33,37,37
882,108,2,49,37,39,52,40,38,35,41,34,37,37
883,114,2,41,37,40,52,40,39,36,43,33,38,37
884,120,2,44,36,40,51,42,40,36,42,33,39,36
885,126,2,45,36,41,51,42,40,36,43,34,39,36
886,132,2,45,36,42,52,40,40,36,44,33,40,36
887,138,2,46,36,41,54,42,41,36,45,33,40,36
888,144,2,52,36,42,53,43,41,36,45,34,40,37
889,7,2,52,38,43,52,43,42,36,46,33,41,37
890,14,2,53,38,44,55,42,43,36,46,34,41,36
891,21,2,54,37,42,55,38,43,36,47,34,40,36
892,28,2,43,35,39,53,38,41,36,45,34,40,35
893,35,2,42,36,38,50,38,42,36,46,33,41,34
894,42,2,40,37,38,49,38,43,36,46,34,42,34
895,49,2,40,37,37,48,37,43,36,46,33,42,32
896,56,2,41,37,38,47,38,42,36,39,33,40,37
897,63,2,41,37,38,46,38,42,34,44,33,41,39
898,70,2,46,37,38,48,41,44,38,50,37,45,37
899,77,2,47,36,43,51,45,44,45,52,43,46,37
900,84,2,47,37,45,53,46,45,47,53,44,46,39
901,91,2,48,37,45,53,46,45,49,53,45,47,39
902,98,2,50,37,45,53,46,46,49,53,46,47,36
903,105,2,50,36,44,54,46,46,50,53,46,47,36
904,112,2,48,35,45,52,44,45,50,53,46,47,36
905,119,2,46,34,44,52,44,44,47,51,43,45,35
906,126,2,44,33,43,50,42,42,44,48,41,42,34
907,133,2,42,32,40,47,39,40,41,46,38,40,32
908,140,2,41,31,37,46,37,39,38,45,35,39,32
909,147,2,39,31,36,45,36,37,38,44,36,38,32
910,154,2,38,30,35,43,36,36,37,42,35,37,30
911,161,2,38,30,35,41,35,35,37,41,34,36,30
912,168,2,37,29,34,40,35,34,35,39,34,35,30
913,8,2,37,28,33,39,33,33,33,37,33,34,29
914,16,2,36,28,32,37,31,32,32,36,31,33,28
915,24,2,35,27,31,36,31,32,31,35,31,32,27
916,32,2,33,28,29,34,30,33,30,34,31,32,27
917,40,2,32,27,29,32,30,32,28,30,30,31,26
918,48,2,31,27,28,30,29,31,29,30,29,31,26
919,56,2,31,26,28,30,28,31,29,31,29,30,25
920,64,2,31,25,28,29,28,30,28,30,28,30,24
921,72,2,33,25,28,32,28,31,29,33,29,30,24
922,80,2,35,27,28,35,29,33,31,36,31,34,25
923,88,2,36,28,29,36,29,35,34,37,32,36,27
924,96,2,36,30,30,38,31,37,35,40,33,37,29
925,104,2,37,31,31,39,31,38,37,41,35,39,30
926,112,2,37,33,32,41,33,40,38,43,36,41,32
927,120,2,37,34,33,42,34,41,40,43,37,42,33
928,128,2,37,36,34,42,35,42,42,44,39,43,34
929,136,2,36,37,34,43,34,43,41,45,39,44,36
930,144,2,35,37,33,42,33,42,40,44,39,43,35
931,152,2,30,34,32,34,31,36,35,35,35,37,35
932,160,2,29,28,29,32,29,32,30,30,30,31,30
933,168,2,27,25,26,30,28,30,29,28,28,28,28
934,176,2,25,24,26,28,26,29,28,27,27,28,26
935,184,2,25,24,24,27,25,28,27,27,27,27,23
936,192,2,25,24,23,29,24,31,27,27,26,29,22
937,9,2,26,23,21,30,24,29,28,30,28,28,23
938,18,2,27,22,21,30,24,29,28,29,27,28,21
939,27,2,26,21,23,28,23,28,28,27,28,27,20
940,36,2,28,19,24,29,25,27,27,26,28,26,19
941,45,2,31,20,25,28,25,27,28,28,27,27,16
942,54,2,29,21,26,28,28,27,27,28,28,28,21
943,63,2,30,20,27,28,28,27,28,28,26,28,20
944,72,2,28,19,28,28,28,27,28,28,27,28,22
945,81,2,33,20,29,29,31,29,29,34,28,31,21
946,90,2,37,25,32,35,35,34,36,39,33,36,27
947,99,2,44,28,37,40,39,38,43,44,37,40,30
948,108,2,45,31,40,44,42,41,46,49,41,44,33
949,117,2,48,37,43,46,46,43,47,52,44,45,37
950,126,2,47,42,45,49,47,46,47,52,45,47,43
951,135,2,48,44,45,49,47,46,51,52,47,47,43
952,144,2,49,43,46,49,46,46,51,51,48,47,43
953,153,2,48,42,44,49,46,44,50,50,47,46,43
954,162,2,46,41,44,46,45,43,48,49,46,45,43
955,171,2,44,40,44,46,44,42,46,48,46,44,42
956,180,2,43,38,41,44,43,41,45,46,43,43,40
957,189,2,41,38,41,43,43,41,44,46,42,43,40
958,198,2,41,37,42,44,43,40,43,45,42,42,40
959,207,2,42,38,42,44,43,40,43,45,41,42,40
960,216,2,42,37,42,43,43,40,43,45,40,41,39
961,10,2,42,36,41,43,43,40,42,45,39,41,39
962,20,2,43,36,42,43,42,38,41,43,38,39,39
963,30,2,44,35,42,43,42,38,39,43,37,39,38
964,40,2,44,36,40,43,40,39,39,42,37,39,37
965,50,2,44,36,40,42,39,38,39,39,37,37,37
966,60,2,42,34,40,41,40,36,39,39,37,37,36
967,70,2,42,34,39,40,39,37,37,37,36,36,36
968,80,2,40,34,37,39,38,36,37,37,35,36,36
969,90,2,40,36,36,40,38,38,37,39,35,37,36
970,100,2,43,38,39,42,41,41,38,42,36,41,38
971,110,2,44,41,42,44,43,44,42,45,40,44,41
972,120,2,46,42,44,46,46,47,45,49,44,47,42
973,130,2,47,44,46,50,47,49,48,52,47,50,43
974,140,2,49,45,48,52,50,51,51,54,50,51,46
975,150,2,52,46,49,53,51,53,53,54,52,53,47
976,160,2,52,47,49,54,51,54,55,54,54,54,47
977,170,2,49,47,51,54,51,53,54,54,52,54,46
978,180,2,48,45,49,53,49,52,53,54,51,53,45
979,190,2,45,43,47,50,44,49,47,51,46,50,41
980,200,2,42,43,44,50,42,47,43,49,44,48,40
981,210,2,44,41,40,50,40,48,47,51,44,48,39
982,220,2,45,37,40,50,41,45,45,48,42,44,37
983,230,2,47,38,35,50,40,44,44,46,39,41,36
984,240,2,46,38,38,47,41,43,41,41,41,39,38
985,11,2,45,37,39,44,42,43,43,38,40,40,38
986,22,2,44,37,37,42,41,43,39,36,37,41,36
987,33,2,41,35,36,42,41,41,34,43,38,41,36
988,44,2,40,36,34,44,39,42,36,44,35,41,36
989,55,2,39,36,34,42,37,41,34,42,31,40,34
990,66,2,38,36,34,41,36,41,34,40,31,39,33
991,77,2,39,32,34,40,35,37,32,39,29,36,33
992,88,2,37,31,34,38,36,35,32,35,29,33,30
993,99,2,36,33,31,39,36,37,32,37,30,35,30
994,110,2,41,33,35,42,37,41,37,42,35,39,32
995,121,2,44,35,38,45,38,43,41,45,37,43,34
996,132,2,44,37,38,47,40,44,43,47,38,45,36
997,143,2,44,38,40,49,41,46,46,51,42,47,38
998,154,2,44,40,40,51,42,47,47,52,43,48,40
999,165,2,43,42,42,51,42,48,48,53,46,49,42
1000,176,2,43,42,43,51,42,49,49,53,46,49,42
1001,187,2,43,43,43,51,42,48,48,53,46,49,42
1002,198,2,40,42,41,50,40,47,46,51,45,48,41
1003,209,2,36,39,38,43,38,43,42,42,40,43,37
1004,220,2,33,36,36,40,34,41,39,39,35,40,37
1005,231,2,32,33,35,39,32,37,36,37,33,36,34
1006,242,2,31,30,33,39,31,35,33,35,33,33,30
1007,253,2,31,30,27,38,30,35,33,36,32,34,29
1008,264,2,31,31,31,38,29,35,33,35,33,34,29
1009,12,2,31,30,28,37,31,35,33,37,33,34,29
1010,24,2,33,31,27,38,31,36,32,37,32,36,32
1011,36,2,33,30,29,38,30,36,33,38,33,36,29
1012,48,2,34,31,29,38,31,36,35,37,32,36,30
1013,60,2,34,33,29,38,31,38,35,37,32,37,30
1014,72,2,36,32,30,39,31,36,35,39,32,36,31
1015,84,2,36,33,30,39,30,37,35,39,32,37,31
1016,96,2,36,33,29,39,30,37,34,39,32,37,31
1017,108,2,38,32,30,39,31,36,35,39,32,36,31
1018,120,2,37,33,31,39,33,35,36,41,34,37,32
1019,132,2,38,33,33,37,34,35,37,41,34,37,33
1020,144,2,39,33,35,36,35,34,37,40,36,36,35
1021,156,2,39,36,36,35,37,35,41,39,40,36,39
1022,168,2,40,36,38,36,40,35,41,40,42,37,41
1023,180,2,39,37,40,37,42,37,41,41,41,38,43
1024,192,2,39,39,38,38,40,38,42,41,43,39,43
1025,204,2,39,40,38,39,40,39,42,42,43,41,43
1026,216,2,38,40,40,39,40,39,42,42,42,41,43
1027,228,2,38,37,38,39,38,38,41,41,40,39,41
1028,240,2,37,36,37,39,36,37,37,40,37,38,38
1029,252,2,37,35,36,39,35,36,34,39,36,36,35
1030,264,2,37,35,35,38,33,35,35,37,33,34,35
1031,276,2,35,34,34,37,34,34,32,34,31,33,34
1032,288,2,34,36,30,35,31,35,32,34,29,34,35
1033,13,2,31,35,31,34,33,34,32,30,31,32,36
1034,26,2,32,32,33,33,33,31,30,29,29,30,36
1035,39,2,29,32,32,32,33,32,29,29,29,30,36
1036,52,2,33,32,32,32,33,33,30,30,29,32,34
1037,65,2,33,33,33,32,33,34,30,29,30,31,36
1038,78,2,31,34,32,32,33,35,27,29,28,33,36
1039,91,2,33,34,31,31,32,36,27,29,28,32,34
1040,104,2,32,33,32,31,32,35,27,30,27,33,33
1041,117,2,35,35,33,33,33,38,30,35,29,36,33
1042,130,2,39,37,34,37,37,40,38,42,36,40,37
1043,143,2,45,38,36,43,40,45,45,49,44,46,38
1044,156,2,46,40,40,48,42,48,48,52,45,49,40
1045,169,2,47,42,43,53,42,50,51,54,48,51,41
1046,182,2,49,43,45,54,44,51,53,56,50,52,43
1047,195,2,51,44,46,55,45,52,54,56,52,53,44
1048,208,2,50,46,47,55,46,53,55,56,52,54,46
1049,221,2,50,47,47,55,46,53,55,56,52,54,46
1050,234,2,49,46,47,54,45,52,52,54,50,53,44
1051,247,2,41,44,43,50,41,49,47,46,45,49,42
1052,260,2,37,40,39,40,38,43,43,39,39,41,37
1053,273,2,38,36,33,41,35,38,43,37,37,37,37
1054,286,2,38,33,32,37,32,36,40,36,34,36,36
1055,299,2,37,36,30,36,31,40,36,36,34,38,36
1056,312,2,37,36,30,38,30,41,41,37,36,38,37
1057,14,2,38,35,33,40,33,42,41,42,35,40,35
1058,28,2,37,38,33,41,33,43,41,42,38,41,39
1059,42,2,36,39,33,42,32,43,40,42,40,41,37
1060,56,2,35,37,33,40,34,41,39,39,41,39,37
1061,70,2,36,38,33,37,30,41,39,37,41,38,37
1062,84,2,37,36,31,39,29,40,39,43,37,41,36
1063,98,2,38,37,31,40,28,42,39,43,37,41,37
1064,112,2,40,36,26,41,30,42,39,43,37,43,35
1065,126,2,42,36,28,43,33,43,42,44,38,44,35
1066,140,2,44,39,35,44,37,45,44,46,40,46,38
1067,154,2,47,42,38,46,40,47,47,50,44,48,40
1068,168,2,49,43,42,49,44,50,50,53,46,50,42
1069,182,2,51,44,46,54,47,52,53,54,48,52,43
1070,196,2,53,44,48,53,48,51,53,54,50,52,43
1071,210,2,51,45,51,54,50,51,53,54,50,52,43
1072,224,2,53,46,50,54,49,51,53,54,50,52,45
1073,238,2,51,46,50,53,49,50,52,54,50,52,44
1074,252,2,49,46,48,52,48,50,50,53,48,51,45
1075,266,2,47,45,46,50,46,48,47,51,45,48,44
1076,280,2,47,43,44,48,42,47,44,49,42,47,42
1077,294,2,45,39,41,46,39,46,41,49,38,47,37
1078,308,2,45,39,40,46,37,45,41,47,36,45,36
1079,322,2,43,34,39,46,36,42,38,47,34,42,34
1080,336,2,43,30,36,45,35,40,36,47,31,41,30
1081,15,2,41,28,32,45,32,38,34,43,31,37,29
1082,30,2,39,27,31,42,31,37,30,37,29,34,27
1083,45,2,37,27,29,41,29,36,32,34,32,32,27
1084,60,2,33,28,29,42,29,37,31,36,32,34,27
1085,75,2,39,28,30,41,32,37,32,36,29,35,26
1086,90,2,41,26,31,41,31,36,32,38,30,34,25
1087,105,2,38,30,32,42,31,37,31,38,31,36,24
1088,120,2,37,30,30,41,30,38,34,37,32,36,25
1089,135,2,38,30,28,42,32,39,34,39,33,37,27
1090,150,2,40,31,32,43,36,40,39,43,36,40,30
1091,165,2,43,33,34,43,37,42,39,43,37,41,34
1092,180,2,45,36,36,44,37,42,42,43,39,42,36
1093,195,2,43,37,38,44,37,43,44,44,40,43,35
1094,210,2,40,38,38,44,36,42,42,44,39,43,38
1095,225,2,38,38,36,43,35,42,44,44,40,43,37
1096,240,2,37,38,36,42,35,42,42,44,38,43,39
1097,255,2,37,38,36,41,34,41,39,42,37,42,38
1098,270,2,37,37,34,38,32,40,37,41,35,42,35
1099,285,2,35,37,31,36,31,36,36,39,34,39,34
1100,300,2,35,31,29,34,29,33,34,37,32,35,33
1101,315,2,34,29,29,32,28,33,32,34,30,33,29
1102,330,2,32,28,29,32,28,31,30,33,30,32,27
1103,345,2,29,27,28,32,27,31,30,32,28,31,26
1104,360,2,28,25,27,31,26,30,29,30,28,29,25
1105,16,2,29,25,27,30,26,29,28,29,27,29,23
1106,32,2,29,23,25,29,25,28,27,31,25,28,20
1107,48,2,29,20,24,29,24,28,26,29,23,28,19
1108,64,2,29,19,23,30,23,27,24,29,21,27,17
1109,80,2,28,18,22,29,22,26,23,29,21,25,17
1110,96,2,28,17,21,28,21,24,21,28,20,24,16
1111,112,2,27,16,20,27,20,22,20,26,19,22,16
1112,128,2,23,14,19,26,20,21,19,24,18,20,16
1113,144,2,26,16,20,26,22,22,20,26,19,21,15
1114,160,2,29,18,21,27,23,24,22,27,21,24,18
1115,176,2,30,22,24,29,25,27,27,29,25,27,22
1116,192,2,33,25,27,31,28,29,28,31,27,29,24
1117,208,2,35,27,28,33,28,30,31,33,30,30,26
1118,224,2,37,30,30,34,30,32,33,35,32,32,29
1119,240,2,36,31,32,36,31,33,35,36,32,33,30
1120,256,2,35,33,33,36,33,34,37,37,34,35,33
1121,272,2,32,35,33,36,32,35,36,37,34,36,34
1122,288,2,31,35,33,35,32,34,34,36,32,35,34
1123,304,2,29,33,30,31,28,32,31,33,30,32,32
1124,320,2,27,26,29,29,29,28,28,28,26,27,28
1125,336,2,26,25,26,28,26,27,26,25,23,25,26
1126,352,2,24,22,24,27,23,25,25,25,23,23,25
1127,368,2,27,19,23,27,24,22,23,25,22,21,24
1128,384,2,27,19,21,26,23,24,21,21,21,21,20
1129,17,2,26,21,19,26,22,23,21,22,19,21,20
1130,34,2,26,22,19,26,20,24,20,24,18,22,21
1131,51,2,27,23,20,27,20,25,21,27,20,23,24
1132,68,2,29,25,18,29,19,26,21,27,20,24,23
1133,85,2,30,24,20,30,20,26,23,28,22,25,22
1134,102,2,30,24,20,30,19,26,23,28,22,25,23
1135,119,2,32,24,23,31,25,26,25,30,23,26,22
1136,136,2,32,23,25,31,23,26,26,30,23,26,20
1137,153,2,33,24,27,32,27,27,27,30,24,27,23
1138,170,2,36,26,27,33,29,29,29,33,26,29,26
1139,187,2,37,27,30,35,33,30,31,35,29,31,29
1140,204,2,38,29,33,35,35,30,34,35,32,31,32
1141,221,2,38,30,35,35,37,31,34,35,32,31,33
1142,238,2,37,33,36,35,37,31,35,35,34,32,34
1143,255,2,35,35,36,35,37,32,35,35,36,33,36
1144,272,2,35,37,36,35,37,33,35,35,36,34,36
1145,289,2,35,37,35,34,35,34,34,35,36,34,37
1146,306,2,35,37,34,35,34,34,34,35,36,35,37
1147,323,2,35,35,34,35,34,33,34,35,36,35,35
1148,340,2,35,31,33,35,33,31,34,35,34,33,32
1149,357,2,35,31,33,35,33,31,33,35,33,33,30
1150,374,2,35,28,32,35,33,31,33,35,33,32,29
1151,391,2,35,28,33,35,33,30,33,35,30,32,29
1152,408,2,35,27,32,35,33,29,33,35,30,31,29
1153,18,2,35,26,32,35,33,29,31,35,29,29,26
1154,36,2,35,25,32,34,33,29,29,35,29,29,25
1155,54,2,35,23,32,34,32,29,29,33,29,29,23
1156,72,2,35,21,31,34,31,27,29,33,28,26,20
1157,90,2,35,20,31,33,31,27,29,33,28,25,21
1158,108,2,35,18,31,33,31,24,28,32,27,26,19
1159,126,2,33,18,30,32,30,24,27,30,27,24,18
1160,144,2,33,16,29,31,29,23,27,28,26,22,18
1161,162,2,35,18,29,33,29,26,29,31,28,25,18
1162,180,2,36,28,29,35,31,33,34,35,32,33,24
1163,198,2,37,33,31,37,33,37,36,38,35,37,30
1164,216,2,38,37,34,39,35,40,40,41,39,41,34
1165,234,2,39,40,35,42,37,43,44,43,41,43,37
1166,252,2,40,42,37,44,40,45,45,46,44,46,40
1167,270,2,43,43,39,46,42,47,47,48,45,48,43
1168,288,2,44,46,41,47,44,49,48,50,47,51,45
1169,306,2,44,45,42,48,44,49,47,52,47,51,45
1170,324,2,43,45,42,48,42,48,46,50,45,50,44
1171,342,2,38,43,39,41,39,46,43,43,43,46,42
1172,360,2,39,40,37,37,37,41,39,35,36,39,36
1173,378,2,39,34,36,32,36,37,37,31,33,35,37
1174,396,2,38,31,35,34,34,37,37,29,31,33,33
1175,414,2,37,35,33,34,34,39,32,28,29,35,34
1176,432,2,36,31,30,29,33,36,27,28,28,32,33
1177,19,2,37,36,26,28,31,38,28,27,32,35,35
1178,38,2,37,38,28,27,31,39,28,27,33,36,36
1179,57,2,35,38,28,27,32,39,32,31,32,38,34
1180,76,2,33,37,30,30,33,38,33,35,33,38,35
1181,95,2,35,35,30,34,33,37,34,37,33,38,35
1182,114,2,36,35,34,35,34,37,34,39,33,38,36
1183,133,2,37,35,33,36,34,37,37,39,35,38,32
1184,152,2,38,35,34,36,34,37,38,40,36,39,31
1185,171,2,40,38,34,37,37,39,43,41,39,40,35
1186,190,2,43,41,36,40,42,44,45,43,44,45,43
1187,209,2,48,46,42,45,44,50,52,46,49,49,48
1188,228,2,50,48,48,51,49,53,54,52,53,53,51
1189,247,2,53,52,50,57,51,56,57,56,55,55,53
1190,266,2,55,54,52,59,53,58,57,61,57,58,57
1191,285,2,56,57,54,61,54,60,60,62,59,61,59
1192,304,2,57,58,55,63,55,61,61,65,62,62,60
1193,323,2,57,58,55,63,55,62,61,63,61,62,60
1194,342,2,56,58,54,61,53,60,59,62,60,60,60
1195,361,2,48,55,50,57,49,56,54,57,54,56,55
1196,380,2,41,47,44,49,40,50,46,51,46,51,51
1197,399,2,40,40,40,44,41,47,45,49,42,49,43
1198,418,2,39,39,37,42,36,44,43,44,38,44,42
1199,437,2,38,36,32,42,35,43,39,45,37,42,37
1200,456,2,36,35,31,37,31,42,40,38,36,39,33
1201,20,2,36,33,30,38,31,40,38,38,35,38,33
1202,40,2,34,31,31,37,31,38,34,36,35,35,34
1203,60,2,38,32,30,35,30,37,35,35,34,35,30
1204,80,2,41,30,30,35,32,35,35,34,34,33,30
1205,100,2,41,29,33,33,36,33,35,32,33,32,29
1206,120,2,40,29,32,37,36,33,32,30,34,31,29
1207,140,2,41,29,34,34,35,34,32,32,33,33,28
1208,160,2,42,28,32,33,35,33,30,32,30,31,27
1209,180,2,45,29,34,40,37,37,33,37,32,35,28
1210,200,2,51,38,36,51,42,48,43,49,41,45,35
1211,220,2,54,44,42,56,46,54,49,56,45,52,41
1212,240,2,57,49,46,61,46,60,56,62,52,59,50
1213,260,2,60,56,48,66,49,63,60,68,56,64,57
1214,280,2,64,60,49,68,51,66,65,71,61,67,58
1215,300,2,62,64,51,69,51,67,68,71,63,69,62
1216,320,2,59,65,52,70,50,68,71,71,66,70,64
1217,340,2,59,65,51,68,49,67,70,70,65,68,62
1218,360,2,58,63,49,65,48,65,67,67,64,65,62
1219,380,2,52,61,46,63,45,62,63,63,61,63,59
1220,400,2,52,58,42,61,45,60,61,62,61,62,58
1221,420,2,51,56,43,60,46,59,61,62,61,60,56
1222,440,2,54,55,45,59,47,58,60,60,60,60,56
1223,460,2,52,55,46,58,48,58,60,60,58,59,55
1224,480,2,50,53,50,57,52,56,57,58,56,57,54
1225,21,2,50,53,52,56,51,56,57,59,55,57,53
1226,42,2,53,52,53,56,52,55,56,59,54,57,52
1227,63,2,55,52,52,56,54,55,56,59,54,56,52
1228,84,2,55,51,51,56,52,54,55,58,53,56,51
1229,105,2,55,51,52,55,53,55,55,59,53,57,50
1230,126,2,55,49,52,55,52,55,55,58,53,57,50
1231,147,2,55,47,53,55,53,55,56,58,52,56,48
1232,168,2,55,46,53,56,53,55,55,59,50,56,45
1233,189,2,55,46,50,57,52,55,56,59,53,56,44
1234,210,2,56,46,51,59,52,57,58,61,53,57,45
1235,231,2,60,46,52,62,52,57,58,63,53,58,45
1236,252,2,64,46,53,62,54,58,58,64,55,57,44
1237,273,2,61,46,54,64,56,57,58,63,53,57,44
1238,294,2,62,45,56,64,55,58,57,63,53,57,44
1239,315,2,62,46,56,62,56,57,57,62,53,57,45
1240,336,2,59,45,55,61,55,57,56,62,52,57,44
1241,357,2,58,45,52,60,54,55,55,60,52,56,43
1242,378,2,56,43,53,58,49,53,54,58,51,54,43
1243,399,2,52,41,49,55,46,51,50,54,46,51,41
1244,420,2,48,40,46,52,46,49,48,53,45,49,38
1245,441,2,46,38,44,51,44,47,47,51,43,47,39
1246,462,2,46,37,43,49,44,44,46,48,43,45,38
1247,483,2,44,37,42,49,44,44,43,48,39,43,36
1248,504,2,42,36,41,46,42,42,41,43,36,41,35
1249,22,2,40,34,41,44,42,39,39,40,36,37,36
1250,44,2,41,34,40,41,40,39,37,35,34,37,37
1251,66,2,41,31,40,37,40,35,32,31,32,33,36
1252,88,2,40,29,39,36,39,32,30,29,31,30,35
1253,110,2,40,27,39,35,39,31,29,28,28,29,33
1254,132,2,38,27,39,35,39,32,30,31,28,30,32
1255,154,2,38,27,39,34,39,31,28,32,27,30,33
1256,176,2,38,26,37,32,37,31,29,28,27,29,28
1257,198,2,42,31,37,37,38,36,35,36,31,34,29
1258,220,2,43,35,38,42,40,41,39,43,37,41,34
1259,242,2,43,37,40,45,42,44,43,46,41,44,37
1260,264,2,45,38,42,47,43,46,45,50,42,47,38
1261,286,2,45,40,44,50,45,49,46,52,43,49,40
1262,308,2,47,42,45,52,47,50,47,53,45,50,42
1263,330,2,47,43,47,53,47,52,49,54,46,52,42
1264,352,2,47,44,47,54,48,53,49,54,46,53,43
1265,374,2,47,45,47,54,47,54,49,54,46,53,44
1266,396,2,45,45,46,53,46,53,48,53,46,52,43
1267,418,2,40,41,43,48,43,47,44,49,43,47,40
1268,440,2,40,36,40,41,42,42,41,41,37,41,37
1269,462,2,40,33,37,36,40,41,39,36,36,38,35
1270,484,2,38,30,36,36,38,39,37,34,33,36,34
1271,506,2,38,30,35,35,36,37,34,35,31,34,31
1272,528,2,38,28,33,32,36,34,32,33,29,33,27
1273,23,2,37,30,32,31,34,36,30,32,28,34,27
1274,46,2,36,27,31,30,33,35,30,28,29,31,25
1275,69,2,33,27,32,28,33,34,31,28,29,31,24
1276,92,2,31,25,31,28,33,31,29,28,26,28,23
1277,115,2,31,24,29,28,31,31,28,27,25,28,22
1278,138,2,31,23,27,27,31,31,27,26,24,29,21
1279,161,2,32,23,27,26,30,29,27,26,24,26,21
1280,184,2,34,23,27,27,29,30,27,26,24,28,20
1281,207,2,37,24,30,36,33,33,31,33,28,31,23
1282,230,2,41,31,34,38,37,38,37,39,35,37,26
1283,253,2,47,34,37,43,39,42,42,44,38,42,31
1284,276,2,48,37,40,46,42,43,44,45,41,44,35
1285,299,2,47,40,42,48,43,45,47,48,44,46,39
1286,322,2,47,44,44,50,46,48,47,49,46,48,44
1287,345,2,47,47,46,50,47,49,49,51,47,49,47
1288,368,2,45,48,46,50,47,50,50,51,49,50,49
1289,391,2,46,48,46,51,46,49,50,52,48,50,48
1290,414,2,43,48,45,50,44,49,48,51,46,50,48
1291,437,2,39,45,40,46,40,45,45,47,45,46,46
1292,460,2,38,41,38,43,39,43,41,42,39,42,43
1293,483,2,37,38,35,43,37,42,39,40,37,40,40
1294,506,2,36,35,35,43,37,40,38,40,37,39,38
1295,529,2,38,34,35,43,36,40,38,40,35,39,37
1296,552,2,36,33,33,42,36,41,37,38,35,38,36
1297,24,2,36,33,35,42,36,40,37,38,36,37,36
1298,48,2,36,34,35,42,36,40,37,41,36,39,35
1299,72,2,38,35,35,42,36,41,38,41,36,39,35
1300,96,2,38,34,35,42,37,40,37,42,35,38,37
1301,120,2,38,35,34,41,36,40,38,42,35,40,37
1302,144,2,39,36,35,41,35,40,37,42,34,39,34
1303,168,2,38,35,34,41,35,40,36,42,32,40,34
1304,192,2,39,36,29,41,33,40,36,42,33,40,35
1305,216,2,41,37,32,43,35,42,38,44,35,42,36
1306,240,2,44,38,36,45,40,43,40,45,37,44,38
1307,264,2,46,40,41,48,44,45,43,48,39,46,40
1308,288,2,50,41,44,52,46,48,46,50,42,48,40
1309,312,2,52,43,44,54,47,50,46,53,42,50,40
1310,336,2,52,44,45,56,46,52,46,54,42,51,41
1311,360,2,49,45,45,56,45,53,47,54,42,51,41
1312,384,2,46,43,46,56,46,53,46,55,42,52,41
1313,408,2,46,42,46,54,45,52,45,54,40,50,41
1314,432,2,45,43,45,52,42,52,44,52,41,50,40
1315,456,2,43,42,43,49,38,49,41,50,40,48,40
1316,480,2,43,40,41,47,37,46,40,48,39,45,39
1317,504,2,43,39,39,46,37,46,39,46,37,45,37
1318,528,2,40,38,37,45,37,44,37,44,37,43,37
1319,552,2,40,36,37,43,37,42,37,42,37,41,37
1320,576,2,38,35,35,41,35,40,37,40,36,39,35
1321,25,2,38,34,34,39,35,39,36,38,36,38,35
1322,50,2,38,35,34,38,33,38,35,38,34,38,35
1323,75,2,37,31,32,38,32,35,34,37,32,36,33
1324,100,2,37,28,31,37,30,33,32,36,32,34,33
1325,125,2,34,28,29,36,29,33,30,36,31,33,31
1326,150,2,32,26,29,35,28,31,30,35,31,31,29
1327,175,2,30,26,27,34,27,31,28,33,31,30,27
1328,200,2,30,25,26,32,27,30,28,33,31,30,27
1329,225,2,33,28,26,34,29,33,33,35,32,34,28
1330,250,2,36,31,29,36,31,36,36,37,34,37,30
1331,275,2,38,35,32,39,33,39,37,41,36,40,34
1332,300,2,39,38,35,41,36,43,39,43,37,43,36
1333,325,2,42,41,37,44,38,45,43,45,42,45,40
1334,350,2,42,43,40,46,41,47,45,47,43,47,42
1335,375,2,44,44,42,46,42,48,46,48,43,48,43
1336,400,2,42,45,43,46,44,48,46,49,45,49,44
1337,425,2,43,45,43,47,44,48,46,50,45,49,44
1338,450,2,41,44,42,45,42,47,43,47,43,47,42
1339,475,2,38,41,39,42,39,44,41,44,40,44,39
1340,500,2,37,39,35,38,37,40,38,40,37,41,37
1341,525,2,34,35,32,35,34,37,35,37,35,37,34
1342,550,2,31,34,32,35,31,36,32,35,33,35,33
1343,575,2,30,32,33,33,32,36,30,31,31,35,29
1344,600,2,32,29,31,32,31,35,30,33,28,34,28
1345,26,2,32,29,30,33,29,34,30,34,28,34,27
1346,52,2,34,29,28,33,29,34,29,34,29,33,28
1347,78,2,34,28,27,31,29,32,29,32,31,32,27
1348,104,2,32,28,27,32,28,32,29,33,29,32,25
1349,130,2,32,28,27,32,27,33,28,33,28,32,23
1350,156,2,32,28,27,33,29,33,27,33,28,32,26
1351,182,2,30,28,26,33,28,33,27,33,29,32,26
1352,208,2,30,29,27,33,29,33,28,33,29,32,26
1353,234,2,34,27,28,34,31,32,29,35,29,32,26
1354,260,2,35,28,32,35,35,33,32,35,31,33,28
1355,286,2,37,30,35,37,36,34,34,36,32,34,30
1356,312,2,38,33,36,38,37,35,36,38,34,36,33
1357,338,2,38,34,37,38,39,35,37,38,35,36,34
1358,364,2,38,35,38,39,40,36,38,38,37,36,37
1359,390,2,38,36,39,39,40,37,39,40,37,38,37
1360,416,2,38,36,39,38,40,37,39,40,38,38,37
1361,442,2,38,37,39,38,39,37,39,40,37,38,38
1362,468,2,37,37,37,38,38,38,39,40,37,38,38
1363,494,2,37,36,36,38,35,37,37,38,37,37,37
1364,520,2,37,35,35,37,35,37,37,38,36,37,36
1365,546,2,37,35,35,37,34,37,36,38,36,37,34
1366,572,2,37,35,33,37,33,36,36,38,36,37,34
1367,598,2,37,34,33,37,33,36,36,38,36,37,34
1368,624,2,37,34,31,37,31,36,36,38,36,37,33
1369,27,2,37,34,31,37,32,36,36,38,35,37,33
1370,54,2,37,33,33,38,33,37,36,38,35,37,33
1371,81,2,37,33,33,38,35,37,36,38,35,37,33
1372,108,2,37,32,33,38,34,37,35,38,34,37,31
1373,135,2,37,31,33,38,35,36,35,38,34,37,29
1374,162,2,37,32,33,38,35,36,34,38,34,37,31
1375,189,2,37,31,33,38,33,37,34,37,34,37,30
1376,216,2,37,31,31,37,33,37,33,36,32,37,29
1377,243,2,38,31,32,38,33,37,35,38,34,37,28
1378,270,2,42,34,35,39,37,38,38,41,37,39,33
1379,297,2,43,38,35,42,37,41,42,43,40,42,37
1380,324,2,44,41,38,43,38,44,45,46,42,45,42
1381,351,2,45,44,40,45,40,46,46,48,45,47,43
1382,378,2,45,48,42,47,42,49,50,51,48,50,45
1383,405,2,45,49,44,46,44,50,50,52,49,52,47
1384,432,2,45,51,45,47,45,52,51,52,49,53,48
1385,459,2,45,50,45,46,46,51,50,51,48,52,48
1386,486,2,44,50,45,45,44,50,48,51,47,51,48
1387,513,2,37,47,41,43,37,48,45,45,44,48,44
1388,540,2,35,43,36,40,35,43,42,42,42,44,44
1389,567,2,34,39,34,39,32,43,39,40,41,43,38
1390,594,2,32,34,28,37,31,39,37,36,38,38,35
1391,621,2,28,31,30,35,29,37,36,32,37,35,34
1392,648,2,28,27,28,33,30,35,33,29,34,32,34
1393,28,2,28,25,26,33,34,33,30,28,35,31,27
1394,56,2,27,23,27,30,32,32,30,27,34,30,25
1395,84,2,31,22,30,30,32,31,30,32,32,29,23
1396,112,2,34,21,30,33,32,30,28,30,30,28,22
1397,140,2,33,23,29,32,31,30,30,34,30,28,22
1398,168,2,33,21,28,30,29,29,29,34,32,28,19
1399,196,2,32,20,27,29,28,28,28,30,33,25,19
1400,224,2,32,20,28,28,28,29,29,30,33,26,19
1401,252,2,38,24,30,35,33,34,36,37,36,33,21
1402,280,2,40,34,34,41,38,42,42,43,40,42,27
1403,308,2,44,40,39,45,42,46,45,46,44,47,35
1404,336,2,47,45,44,47,47,51,50,50,49,51,42
1405,364,2,50,49,47,50,49,53,53,53,52,54,48
1406,392,2,45,53,50,52,52,55,54,55,54,55,53
1407,420,2,47,55,52,54,54,57,58,58,56,58,55
1408,448,2,46,58,53,56,56,59,59,59,57,59,57
1409,476,2,48,58,54,56,56,59,58,61,57,61,58
1410,504,2,46,58,55,56,54,59,57,59,57,59,56
1411,532,2,42,53,51,50,51,53,53,51,52,53,55
1412,560,2,37,46,45,40,46,44,45,40,42,41,45
1413,588,2,34,36,42,36,45,40,40,36,38,38,39
1414,616,2,32,35,40,33,44,38,36,34,35,36,34
1415,644,2,30,32,35,32,40,35,34,30,32,33,30
1416,672,2,29,30,34,30,38,35,32,28,32,32,27
1417,29,2,31,28,36,29,38,32,30,28,30,30,27
1418,58,2,30,27,32,29,35,34,30,27,29,30,25
1419,87,2,29,26,31,29,37,34,29,27,28,30,24
1420,116,2,33,25,29,28,35,29,29,27,27,27,23
1421,145,2,29,26,27,27,33,31,27,27,25,28,20
1422,174,2,31,21,26,27,31,29,27,25,25,26,20
1423,203,2,31,21,26,26,31,29,27,25,24,26,19
1424,232,2,31,22,26,27,28,30,25,25,23,27,19
1425,261,2,42,28,28,35,38,37,33,37,31,35,23
1426,290,2,52,37,38,48,47,48,41,51,39,47,30
1427,319,2,56,44,49,55,53,55,51,59,50,55,38
1428,348,2,60,51,56,61,58,60,58,62,57,61,48
1429,377,2,63,58,61,64,62,65,64,68,61,66,57
1430,406,2,65,63,62,66,62,67,67,70,64,68,61
1431,435,2,65,64,62,68,64,68,69,71,68,69,63
1432,464,2,67,64,62,69,63,68,70,71,68,69,64
1433,493,2,65,63,63,67,64,67,68,71,68,69,64
1434,522,2,63,61,62,64,63,64,66,68,64,66,62
1435,551,2,54,58,58,61,58,59,60,64,58,61,60
1436,580,2,51,54,52,59,52,58,55,62,53,59,54
1437,609,2,51,50,50,57,51,55,52,60,49,57,50
1438,638,2,50,46,45,57,44,53,50,57,45,55,43
1439,667,2,51,44,41,56,42,53,47,55,42,53,39
1440,696,2,55,41,37,54,40,49,43,48,43,49,37
1441,1,3,53,40,37,51,39,48,44,47,43,48,34
1442,2,3,48,37,34,46,39,43,41,37,38,42,32
1443,3,3,48,38,34,38,37,44,40,36,37,41,33
1444,4,3,47,37,33,37,35,41,39,34,34,37,31
1445,5,3,46,36,32,38,35,42,37,36,33,40,33
1446,6,3,44,34,31,35,35,40,37,32,33,38,29
1447,7,3,41,28,28,35,33,37,35,30,33,34,28
1448,8,3,40,29,30,33,32,37,33,29,32,36,27
1449,9,3,48,34,37,44,38,44,38,44,35,44,31
1450,10,3,55,41,44,52,47,52,49,53,45,53,39
1451,11,3,61,48,50,59,53,58,55,61,53,59,48
1452,12,3,63,54,56,64,58,61,62,66,59,62,56
1453,13,3,64,59,60,68,62,65,66,70,63,67,60
1454,14,3,66,63,59,69,62,67,70,71,67,68,64
1455,15,3,68,66,59,70,61,69,71,71,69,70,64
1456,16,3,67,66,59,71,60,69,70,73,68,70,67
1457,17,3,66,67,60,70,62,69,70,72,68,70,68
1458,18,3,64,65,60,70,61,67,70,71,68,68,67
1459,19,3,58,63,57,65,56,64,66,69,65,66,64
1460,20,3,55,60,51,63,53,62,63,65,62,62,61
1461,21,3,54,57,48,63,49,59,61,63,61,60,59
1462,22,3,55,53,45,63,51,58,59,63,61,57,56
1463,23,3,54,53,45,63,50,59,56,61,59,58,54
1464,24,3,55,50,50,62,53,57,57,61,57,56,51
1465,2,3,56,53,52,62,53,57,57,61,56,57,52
1466,4,3,56,52,54,61,53,56,57,62,55,56,54
1467,6,3,57,53,55,61,54,56,56,62,54,54,54
1468,8,3,61,53,57,60,57,56,57,60,55,57,54
1469,10,3,61,53,58,59,60,56,57,61,55,58,54
1470,12,3,59,54,58,59,59,56,59,61,55,58,55
1471,14,3,59,55,58,60,58,58,59,62,56,59,55
1472,16,3,61,56,56,61,57,59,61,62,57,60,56
1473,18,3,60,57,56,62,55,60,61,63,58,61,56
1474,20,3,62,60,55,64,56,62,63,63,61,63,60
1475,22,3,65,61,56,64,58,64,66,66,64,66,63
1476,24,3,68,61,60,67,60,65,66,70,66,66,65
1477,26,3,68,62,60,70,62,65,70,71,68,67,69
1478,28,3,68,61,62,70,65,65,71,72,70,66,68
1479,30,3,67,61,64,69,67,65,70,71,69,66,68
1480,32,3,66,62,65,67,67,63,68,71,67,64,68
1481,34,3,65,61,66,67,67,61,66,71,67,63,68
1482,36,3,65,62,65,63,66,61,66,65,67,62,68
1483,38,3,65,59,65,62,65,60,64,63,64,61,63
1484,40,3,64,58,63,63,62,60,63,62,62,60,60
1485,42,3,62,56,60,63,60,59,61,62,60,60,56
1486,44,3,63,54,58,63,58,59,61,63,57,60,53
1487,46,3,61,51,58,63,58,58,58,63,54,58,48
1488,48,3,59,49,54,61,56,58,56,63,52,58,45
1489,3,3,59,46,54,61,55,56,54,60,48,56,40
1490,6,3,56,41,49,60,51,53,50,60,46,51,38
1491,9,3,51,42,49,58,50,54,48,57,45,52,38
1492,12,3,51,40,45,56,51,52,47,53,44,50,38
1493,15,3,51,38,46,54,49,51,45,53,43,49,37
1494,18,3,50,39,45,54,48,51,44,47,45,46,37
1495,21,3,47,38,44,50,47,49,42,50,42,47,35
1496,24,3,45,37,40,51,45,49,42,45,40,45,34
1497,27,3,51,40,41,54,49,52,48,53,45,50,35
1498,30,3,56,45,48,58,54,56,53,59,51,56,42
1499,33,3,60,53,55,62,57,61,61,63,56,61,51
1500,36,3,62,57,57,63,59,64,62,65,61,64,57
1501,39,3,62,60,60,65,61,66,66,68,64,67,60
1502,42,3,63,63,62,68,62,68,67,70,64,69,63
1503,45,3,63,65,62,70,62,69,69,71,66,70,64
1504,48,3,65,65,63,71,63,70,69,73,68,71,64
1505,51,3,65,65,62,70,63,70,69,72,68,71,66
1506,54,3,63,62,62,67,62,69,66,71,65,69,63
1507,57,3,56,60,60,63,58,65,64,63,63,65,62
1508,60,3,52,55,57,60,54,59,61,55,60,59,60
1509,63,3,50,53,49,57,50,57,58,55,56,56,57
1510,66,3,51,52,50,54,50,56,57,56,56,55,55
1511,69,3,52,55,48,54,51,58,56,59,55,58,55
1512,72,3,53,56,49,53,49,57,57,59,56,58,56
1513,4,3,53,54,51,53,51,55,57,57,55,57,54
1514,8,3,53,53,48,52,50,54,55,55,54,56,53
1515,12,3,53,54,48,51,51,55,55,54,56,56,53
1516,16,3,54,54,49,50,51,55,56,54,56,56,53
1517,20,3,54,51,51,51,51,54,55,53,55,54,53
1518,24,3,54,53,50,52,50,54,54,53,54,55,53
1519,28,3,55,55,50,52,48,55,54,53,54,55,54
1520,32,3,55,52,51,54,48,53,55,53,55,54,56
1521,36,3,57,57,50,57,48,58,57,58,57,58,60
1522,40,3,59,61,51,63,49,64,61,64,59,64,61
1523,44,3,67,66,52,70,50,71,63,73,59,72,64
1524,48,3,71,67,55,76,52,74,65,79,57,76,65
1525,52,3,74,69,57,79,55,78,68,81,58,79,66
1526,56,3,75,71,60,82,58,79,71,84,61,81,67
1527,60,3,73,71,60,83,59,79,72,86,61,81,67
1528,64,3,72,71,61,83,57,80,70,83,63,80,68
1529,68,3,69,73,62,82,58,79,69,82,63,80,69
1530,72,3,64,72,61,80,57,78,67,79,61,78,69
1531,76,3,56,68,59,70,53,74,65,73,60,74,67
1532,80,3,53,64,56,64,51,68,61,69,56,70,62
1533,84,3,52,64,54,62,50,67,59,67,55,68,59
1534,88,3,51,60,51,60,48,67,57,62,54,67,56
1535,92,3,50,60,49,60,47,65,57,62,54,64,54
1536,96,3,49,55,46,58,46,61,55,60,52,61,52
1537,5,3,47,54,47,56,46,61,54,56,52,60,50
1538,10,3,47,55,46,54,46,61,53,56,49,59,51
1539,15,3,47,52,46,54,46,60,51,56,50,59,48
1540,20,3,47,51,46,53,46,59,50,54,48,57,48
1541,25,3,48,51,46,55,45,59,49,53,49,57,46
1542,30,3,48,49,46,58,46,57,49,54,49,55,45
1543,35,3,48,48,46,57,46,56,49,52,49,54,47
1544,40,3,51,47,46,59,45,55,47,52,47,52,46
1545,45,3,54,49,46,65,45,59,49,60,48,57,46
1546,50,3,63,52,46,69,46,63,51,68,49,62,49
1547,55,3,68,61,48,72,49,67,57,75,52,68,60
1548,60,3,72,64,53,77,55,70,63,78,56,72,64
1549,65,3,77,69,58,80,62,73,67,80,61,74,70
1550,70,3,77,72,65,80,66,76,74,82,67,77,72
1551,75,3,79,74,71,80,72,76,78,80,73,77,76
1552,80,3,80,75,73,80,74,77,79,81,75,78,77
1553,85,3,78,74,70,79,72,76,79,80,77,77,77
1554,90,3,76,73,68,79,70,75,77,80,75,77,75
1555,95,3,74,72,66,76,67,73,75,78,73,74,74
1556,100,3,73,71,64,74,66,71,73,76,72,73,72
1557,105,3,73,70,70,74,71,71,73,74,72,72,72
1558,110,3,73,69,70,73,71,71,73,74,71,72,70
1559,115,3,72,66,70,72,71,71,72,73,71,72,68
1560,120,3,72,65,69,72,70,70,72,74,71,72,68
1561,6,3,70,65,69,71,70,69,72,72,71,71,66
1562,12,3,70,64,69,70,69,70,72,72,70,71,64
1563,18,3,68,65,69,70,68,70,71,72,70,71,62
1564,24,3,68,65,66,70,67,70,71,72,70,71,61
1565,30,3,68,65,66,70,67,70,71,72,70,71,62
1566,36,3,68,65,65,69,67,70,71,71,70,71,61
1567,42,3,68,63,63,70,63,69,71,71,65,71,60
1568,48,3,67,59,64,69,63,67,66,71,62,69,59
1569,54,3,69,60,63,70,61,67,66,73,63,68,61
1570,60,3,70,60,63,71,61,67,64,72,63,67,61
1571,66,3,64,60,60,71,61,64,64,65,63,63,62
1572,72,3,66,60,62,68,62,63,64,64,63,64,61
1573,78,3,63,60,62,64,63,64,65,67,64,65,62
1574,84,3,64,63,63,64,64,65,66,67,66,67,65
1575,90,3,64,64,64,64,65,67,70,66,71,68,64
1576,96,3,64,64,63,64,65,68,72,70,70,71,64
1577,102,3,65,61,64,66,64,69,70,72,70,72,61
1578,108,3,64,61,65,66,65,69,71,71,66,71,59
1579,114,3,64,58,60,66,61,66,66,70,63,68,56
1580,120,3,63,56,59,65,58,64,65,68,61,65,54
1581,126,3,61,54,57,64,57,62,63,66,59,63,53
1582,132,3,60,53,56,64,56,61,59,64,56,61,52
1583,138,3,57,51,53,63,54,59,57,61,54,59,50
1584,144,3,56,49,52,60,51,56,56,58,53,56,47
1585,7,3,55,48,50,58,50,55,53,55,48,54,45
1586,14,3,53,45,49,53,49,49,50,46,45,48,44
1587,21,3,49,45,48,50,47,49,46,45,42,47,40
1588,28,3,48,44,46,46,46,48,42,41,38,45,38
1589,35,3,47,40,46,46,45,43,41,40,38,42,38
1590,42,3,46,39,45,44,42,42,39,39,37,40,38
1591,49,3,46,37,43,42,40,41,37,39,35,38,36
1592,56,3,45,35,42,42,40,38,37,37,35,36,34
1593,63,3,52,41,44,49,45,45,45,46,42,43,39
1594,70,3,54,47,47,52,49,52,51,53,48,51,45
1595,77,3,54,49,51,54,51,54,54,55,52,55,49
1596,84,3,56,51,53,56,53,57,56,59,54,58,52
1597,91,3,59,54,53,60,54,59,57,62,55,60,54
1598,98,3,60,56,54,61,56,61,60,64,59,62,57
1599,105,3,57,58,56,63,56,62,62,67,60,64,59
1600,112,3,56,60,56,63,56,64,63,67,61,65,61
1601,119,3,55,61,55,62,55,64,63,67,63,65,61
1602,126,3,53,57,52,62,51,65,63,65,61,65,57
1603,133,3,48,54,51,57,49,62,60,61,59,62,55
1604,140,3,47,48,47,55,47,56,57,56,55,56,43
1605,147,3,47,42,46,52,47,53,48,57,46,52,44
1606,154,3,47,43,44,52,46,47,43,48,43,46,42
1607,161,3,49,42,44,45,44,46,42,43,43,46,43
1608,168,3,42,41,44,42,43,45,43,43,45,46,42
1609,8,3,42,42,42,42,42,46,43,44,43,46,41
1610,16,3,43,41,41,42,42,46,42,44,43,46,41
1611,24,3,43,40,41,42,42,44,42,42,43,44,40
1612,32,3,43,39,41,40,42,44,39,37,40,43,38
1613,40,3,44,38,41,38,41,42,41,38,39,42,38
1614,48,3,43,37,42,38,41,41,41,39,41,42,35
1615,56,3,43,37,42,39,42,41,41,39,39,41,37
1616,64,3,43,36,42,40,42,41,40,37,38,41,36
1617,72,3,45,38,41,43,42,43,44,44,42,44,38
1618,80,3,47,38,42,46,44,45,46,47,45,46,38
1619,88,3,47,39,44,48,45,46,46,50,45,47,41
1620,96,3,49,41,45,51,45,49,47,52,46,49,41
1621,104,3,49,42,46,51,46,49,49,51,46,49,42
1622,112,3,48,41,47,52,47,48,49,53,46,48,43
1623,120,3,50,40,47,52,47,47,49,51,47,48,42
1624,128,3,49,39,47,52,46,47,48,52,45,48,42
1625,136,3,49,39,47,53,46,47,47,52,45,48,41
1626,144,3,47,40,47,50,44,47,47,50,44,48,41
1627,152,3,44,38,43,49,44,45,46,49,44,46,37
1628,160,3,44,37,42,47,42,43,43,47,41,44,37
1629,168,3,44,37,41,46,38,40,40,46,40,41,37
1630,176,3,44,35,38,45,38,39,38,43,37,39,35
1631,184,3,43,34,40,42,40,36,37,37,36,36,35
1632,192,3,41,35,39,38,39,37,35,32,34,37,35
1633,9,3,40,35,37,34,38,36,33,32,31,36,33
1634,18,3,39,33,36,33,38,36,30,33,30,36,33
1635,27,3,39,33,33,33,38,37,29,31,28,36,33
1636,36,3,38,33,32,34,37,36,29,33,28,35,31
1637,45,3,37,33,33,32,36,35,28,30,29,34,32
1638,54,3,38,31,34,30,35,32,28,32,29,32,32
