q_0.2,q_0.275,q_0.35,q_0.425,q_0.5,q_0.575,q_0.65,q_0.725,q_0.8
1625.580855,1701.3573,1747.294623,1805.550475,1866.630512,1907.071012,1943.068782,1979.713852,2078.068254
1733.485529,1800.914014,1856.798392,1914.773292,1976.726903,2025.265714,2070.85462,2103.892964,2194.123871
1572.176753,1628.563955,1689.200366,1760.077273,1801.127869,1862.230608,1900.030646,1956.402347,1991.02449
1418.485829,1473.99587,1533.546343,1584.64673,1623.722168,1669.994605,1716.686753,1772.970047,1825.151978
1395.768772,1455.752739,1496.289851,1563.34701,1611.881608,1647.70318,1690.185128,1752.811836,1823.646112
1357.687998,1417.898008,1462.206166,1517.90416,1560.268955,1595.962689,1640.389299,1694.003826,1763.637148
1245.081827,1314.647079,1356.340363,1418.291249,1474.608363,1506.272587,1543.294004,1604.236633,1683.291298
1296.757736,1359.25949,1406.73627,1480.240075,1522.602335,1567.811362,1608.645136,1664.628787,1714.448661
1301.978369,1364.236274,1400.944067,1477.620414,1525.815951,1567.169898,1602.166674,1656.154448,1720.688953
1214.253158,1277.605099,1317.852355,1382.703607,1429.938167,1470.329477,1508.105519,1558.655292,1627.423239
1298.423344,1363.992842,1397.544552,1465.022213,1506.516854,1536.499284,1575.317567,1622.677083,1700.817588
1254.394715,1321.805372,1351.484809,1412.450247,1469.66329,1495.83028,1530.070426,1586.79639,1679.493198
1325.373718,1398.044951,1425.915132,1486.881261,1540.206115,1562.206259,1593.543511,1639.956181,1743.583023
1358.735934,1430.532936,1472.234483,1528.146491,1577.259798,1608.099749,1645.834314,1682.06577,1777.710971
1284.13356,1355.988261,1411.681856,1456.661902,1503.275379,1539.690224,1581.206651,1615.736823,1703.98643
1343.920639,1419.681938,1473.739872,1521.424196,1575.889351,1608.203333,1651.54138,1688.981965,1784.889641
1365.748037,1437.509523,1497.669437,1551.228227,1594.477974,1635.897422,1672.952468,1711.468787,1785.99207
1402.436639,1476.334621,1550.43064,1611.5093,1654.945572,1707.088633,1740.991002,1780.34681,1835.179122
1392.902497,1456.699724,1518.265835,1572.618889,1619.845414,1664.056206,1706.51355,1754.598041,1842.276983
1457.100929,1527.049081,1573.729614,1639.054015,1700.570712,1738.072068,1776.984228,1827.189666,1930.08932
1478.90729,1542.537024,1602.65283,1661.400186,1705.379215,1754.572326,1797.55989,1837.456501,1913.884559
1518.13447,1585.721441,1640.742338,1701.843362,1748.595216,1791.539931,1838.392375,1872.972384,1959.892462
1471.949813,1536.261896,1598.445806,1654.808403,1700.457357,1749.291472,1802.324806,1840.440942,1912.705089
1473.067751,1537.345348,1594.729139,1651.673312,1708.533179,1754.984757,1806.310416,1852.466252,1930.632811
1527.375144,1587.451452,1634.469991,1686.064731,1744.624199,1789.095996,1832.41714,1881.185825,1963.802512
1591.396864,1650.705534,1693.851119,1746.779823,1798.781484,1840.495123,1885.823613,1931.776958,2010.919749
1570.239329,1630.478946,1674.149158,1730.845293,1786.187762,1826.475993,1878.846283,1926.473487,2004.289422
1421.789068,1485.261815,1532.427759,1578.887355,1629.371873,1664.371171,1714.686887,1760.607102,1845.509193
1380.316377,1448.524214,1486.097984,1543.65103,1592.445923,1622.346697,1670.077244,1714.769089,1805.248615
1315.967985,1384.963958,1418.805349,1486.696048,1533.877569,1568.136461,1612.344001,1650.831329,1741.926496
1207.656624,1287.056538,1324.057764,1389.628717,1441.448201,1473.971967,1506.561935,1545.230268,1640.931591
1085.929964,1166.562752,1216.587491,1280.666135,1340.554662,1382.595969,1416.345571,1461.459098,1546.827549
1208.26795,1291.703695,1337.078424,1392.25729,1451.700583,1482.505095,1514.106879,1550.47224,1655.191036
1216.038807,1296.474058,1353.818573,1407.069858,1458.142824,1497.040826,1530.669753,1558.048378,1650.856201
1170.790396,1253.185814,1306.677898,1362.165865,1409.102349,1448.37888,1479.530638,1510.606158,1595.933731
1228.703441,1309.951673,1364.201852,1419.770176,1462.514094,1503.423783,1535.536234,1560.059234,1641.410862
1300.273957,1382.986734,1435.3548,1492.718582,1542.694368,1579.379983,1614.185035,1642.994994,1728.552591
1442.65061,1512.133296,1556.992446,1619.526752,1662.216703,1709.196014,1731.535738,1766.813192,1830.242213
1569.426298,1638.954305,1678.421578,1741.283142,1784.831588,1824.680792,1852.192318,1889.67208,1955.819964
1711.161095,1770.49772,1802.872948,1884.807122,1927.829678,1977.29094,2008.971619,2051.452397,2099.862074
1751.766738,1814.432758,1851.757065,1920.465016,1961.739402,2003.926727,2045.588698,2088.0284,2135.993307
1795.410028,1855.73029,1887.42948,1960.349748,2010.164026,2050.414725,2093.336241,2145.51324,2196.53378
1722.042968,1763.793336,1787.217772,1840.936626,1892.330287,1929.87641,1978.135184,2040.974176,2121.237785
1757.399927,1796.766542,1825.082689,1877.897314,1924.687734,1971.18744,2014.475871,2069.914816,2140.098602
1831.022968,1870.016036,1887.356483,1943.756302,1996.963301,2036.749374,2076.958301,2139.469594,2218.929945
1845.937295,1887.341328,1903.077986,1961.713073,2012.204079,2049.722319,2089.883915,2152.360231,2229.084229
1859.824276,1901.134037,1914.087139,1974.937866,2030.916366,2068.823983,2106.61753,2178.579899,2251.454129
1944.587818,1983.804266,1994.715267,2068.047533,2117.355062,2157.601058,2200.997914,2268.727381,2333.52418
1963.076263,2003.003265,2013.058055,2081.38246,2122.589553,2163.59677,2194.49143,2259.799541,2317.924909
1932.5481,1974.287953,1989.80121,2050.737716,2085.948196,2126.896345,2157.183468,2219.258563,2272.682715
1726.592962,1766.516249,1795.416173,1858.38655,1887.423862,1932.916435,1973.81107,2043.6712,2077.266213
1469.859653,1517.693288,1560.347598,1612.636198,1644.418415,1685.516911,1732.189963,1791.987223,1839.726197
1282.588301,1345.455462,1389.053721,1436.610109,1472.884204,1501.277065,1544.261272,1602.242857,1666.898733
1054.131276,1124.448784,1179.471648,1225.05532,1277.672658,1309.204402,1357.284108,1407.052398,1490.188591
1016.264803,1076.928707,1126.499556,1173.051305,1207.854899,1247.176511,1287.947914,1320.73794,1398.565587
937.0605604,1002.620946,1050.891201,1107.690304,1149.178658,1187.414291,1220.548338,1262.018229,1337.590435
846.9319889,912.8700568,970.6267404,1025.921404,1060.239595,1101.002608,1143.01674,1175.604588,1248.730747
852.9001567,920.2674653,975.0612918,1036.470234,1075.529411,1112.556957,1149.712749,1185.090076,1262.843789
866.1223121,931.7087213,995.9218072,1049.693691,1081.892938,1123.492366,1161.437752,1189.373559,1257.66322
848.7138751,912.5638704,977.2127307,1037.651448,1071.648703,1116.748583,1158.428277,1186.141859,1253.923512
1003.637215,1069.738156,1121.015814,1181.862832,1221.566353,1256.591745,1291.801811,1320.814587,1408.760669
1105.77131,1171.858396,1224.963383,1297.778257,1336.62173,1382.189722,1417.902933,1436.332889,1517.361792
1059.029096,1141.576981,1198.626951,1254.561215,1312.213783,1350.006856,1375.901076,1408.030945,1494.214317
1105.653666,1184.084163,1246.955919,1301.781032,1359.200058,1403.259752,1429.790738,1459.076496,1540.043491
1098.425717,1180.403457,1250.997363,1314.883706,1377.169572,1422.842508,1458.013804,1486.71246,1567.710517
1209.002669,1283.600368,1360.479834,1424.272594,1458.305871,1510.499936,1545.289031,1559.915288,1615.916342
1042.358316,1097.154142,1153.152017,1200.621483,1240.955659,1278.805827,1326.506718,1364.456463,1465.651358
1107.001977,1169.057605,1216.120802,1277.179425,1326.857387,1361.749583,1403.365682,1446.275576,1549.313278
1230.148499,1290.240479,1326.810766,1389.610562,1449.610926,1483.904134,1510.565654,1552.286702,1668.102598
1163.654855,1228.531231,1286.352122,1343.666714,1406.43769,1448.949351,1486.776297,1526.762728,1629.133015
1255.47059,1316.753205,1382.814252,1440.675623,1482.473354,1527.048393,1569.598484,1605.06077,1686.313782
1230.507546,1294.093104,1328.658488,1405.962632,1469.726611,1504.092367,1542.238837,1592.083378,1701.215196
1325.093681,1390.225204,1433.878618,1504.922778,1563.561208,1598.086087,1650.916686,1695.82767,1791.88713
1348.112348,1402.799144,1451.696382,1503.8239,1544.471067,1582.289451,1633.133695,1679.741814,1751.207281
1210.991045,1261.382885,1302.831763,1362.430691,1408.348547,1445.807833,1494.882743,1560.721903,1622.309268
1271.653047,1315.56346,1351.084338,1407.910441,1450.859113,1485.843117,1534.375123,1601.084744,1659.823488
1208.870927,1251.609395,1285.642073,1341.208115,1391.844621,1425.780064,1472.234965,1543.20549,1609.386705
1143.323715,1182.368386,1222.471687,1274.007243,1315.467758,1355.52116,1397.39356,1466.031615,1520.734429
1130.605638,1177.032649,1222.102684,1276.842745,1328.768582,1364.489642,1405.645061,1471.015048,1541.478896
1095.165396,1140.422542,1172.238232,1231.194302,1285.103844,1315.163748,1351.33796,1417.180814,1502.733653
1001.474261,1041.506642,1093.778743,1156.166142,1193.564373,1242.406055,1286.907922,1344.482351,1396.232361
1000.55103,1044.717753,1097.153292,1153.803166,1192.54271,1236.114183,1277.062804,1330.114879,1390.978521
953.0856228,999.7831522,1051.76233,1099.384791,1144.04216,1183.505775,1224.555018,1271.873477,1351.811468
960.1022451,1008.546139,1065.026639,1113.113126,1152.059606,1193.781166,1237.182485,1278.787571,1351.97504
1024.869423,1079.386787,1136.421818,1177.690168,1221.621384,1259.290791,1302.334586,1342.173103,1422.621459
1125.375965,1203.010708,1256.571149,1298.378865,1365.543076,1391.86505,1430.604099,1482.17185,1573.615199
1230.113781,1298.083609,1352.724451,1384.875178,1445.001287,1484.587133,1508.308925,1555.971357,1632.59777
1366.282247,1423.792097,1482.77903,1513.50614,1560.260531,1610.722965,1631.03071,1662.740256,1730.325946
1179.225256,1240.957484,1291.886619,1327.19945,1379.41155,1434.712319,1440.744248,1488.222307,1548.498217
1204.320904,1263.377089,1334.299444,1361.51202,1401.218287,1465.515152,1484.203832,1536.455191,1563.725959
1229.692409,1286.361425,1335.028653,1352.952375,1411.915753,1447.225098,1484.18274,1536.918842,1651.606128
1116.18451,1200.253097,1220.44839,1256.80224,1345.517801,1350.85076,1386.205499,1460.150842,1614.607238
1269.629042,1326.982861,1354.624667,1398.81499,1474.511207,1507.916564,1532.200338,1611.376276,1719.489045
1475.245747,1526.443512,1569.458737,1599.72354,1668.08758,1706.438539,1740.165914,1799.089697,1904.118211
1470.158157,1521.811882,1608.04438,1641.510964,1698.269625,1766.147266,1809.231983,1860.412703,1911.650966
1534.048906,1596.096279,1660.225326,1713.22832,1789.271327,1841.37352,1881.898065,1940.688005,2019.720309
1621.300472,1687.599386,1731.016204,1785.821267,1872.022544,1908.005243,1948.440108,2009.451521,2115.184388
1610.394884,1671.362004,1723.019651,1775.148608,1844.386137,1889.614493,1924.071037,1984.408555,2063.223063
1418.66536,1475.177716,1530.711501,1581.608694,1642.054607,1688.176104,1732.707844,1793.062104,1866.497229
1399.932543,1459.318883,1513.462653,1562.777383,1623.150689,1661.943602,1710.411694,1768.323406,1848.034208
1356.993234,1411.874643,1466.084072,1510.824069,1563.237552,1602.286546,1650.969619,1706.297214,1781.32218
1204.443846,1259.070844,1316.541099,1366.245611,1416.22475,1463.05557,1507.330459,1559.587156,1626.500821
1165.495876,1221.266514,1285.717077,1328.759528,1369.713005,1414.55777,1462.093328,1504.027322,1572.01663
1093.40027,1143.069256,1203.870557,1247.08004,1287.512654,1334.290669,1381.466443,1427.582848,1491.003161
1086.636431,1145.883844,1208.078658,1250.44935,1290.813475,1328.8717,1376.604617,1407.250044,1491.190969
1023.682545,1080.964234,1145.987039,1191.648007,1230.180871,1274.716091,1319.837241,1355.027012,1424.44129
1004.627046,1064.202909,1124.372226,1178.676909,1217.170565,1263.987575,1305.409846,1335.911924,1405.213671
991.073839,1055.217062,1115.782673,1165.004816,1203.647593,1247.576991,1284.735578,1314.528017,1385.810609
1089.011478,1161.1608,1221.284653,1268.151962,1322.108056,1360.541735,1400.203159,1429.998387,1516.14689
1290.324339,1365.450042,1427.788618,1472.461214,1537.219153,1584.220571,1612.946401,1649.591355,1722.751619
1348.261245,1421.946004,1470.898088,1517.133272,1588.456411,1629.858592,1647.322397,1695.651493,1779.812872
1450.179416,1511.341739,1555.246352,1587.368343,1640.836309,1683.636249,1706.652046,1751.836214,1819.787031
1502.354951,1558.246046,1610.189152,1654.64159,1698.564525,1754.945595,1780.096279,1827.56995,1867.217367
1547.291174,1612.27246,1661.134839,1703.785458,1753.951662,1801.754205,1816.823575,1865.353348,1918.785883
1430.406936,1483.23477,1524.593833,1549.961374,1598.37981,1631.863259,1667.262932,1723.672411,1826.546159
1412.588594,1463.126878,1512.341269,1540.614659,1581.988568,1624.242794,1654.14088,1709.382182,1795.769086
1391.902252,1456.713604,1499.00254,1526.390963,1590.586136,1619.782253,1650.842731,1708.603205,1824.501793
1476.126266,1539.759743,1595.305957,1629.47051,1675.985089,1712.074916,1746.341855,1795.848041,1889.194749
1391.824599,1459.249066,1511.541303,1552.083178,1618.412977,1656.903387,1690.787422,1740.706191,1852.31315
1297.885013,1370.233861,1448.798406,1486.602298,1544.060438,1594.173383,1631.881074,1674.40752,1762.134108
1301.866339,1370.348005,1438.131252,1484.26593,1541.978566,1593.64738,1623.708943,1669.390719,1756.58035
1336.458949,1401.375487,1479.092004,1519.817304,1573.016953,1628.319594,1668.176411,1707.829713,1782.927479
1346.055018,1402.996085,1493.240199,1545.680721,1591.158005,1661.952218,1700.020337,1740.034925,1782.127647
1288.115726,1355.858218,1437.852211,1492.809519,1543.468103,1599.535304,1630.056351,1669.107239,1729.185308
1205.247488,1278.506636,1355.081019,1407.460729,1450.247588,1496.701258,1530.784455,1563.295546,1627.267149
1119.274439,1190.701867,1270.255527,1324.886006,1372.250335,1421.703928,1454.823008,1481.961114,1550.15058
1010.304721,1076.364078,1153.278105,1209.496895,1241.200845,1292.942257,1324.60328,1352.394995,1404.592284
918.0574262,984.9989821,1061.974324,1116.983889,1151.593911,1198.515428,1227.238145,1255.575471,1321.962625
865.666742,927.9187345,1011.421382,1061.793157,1091.66995,1143.05319,1176.637081,1202.036281,1259.383221
801.9611901,864.2896179,935.6208946,990.3021055,1030.005975,1076.00812,1115.755225,1142.021808,1214.133882
774.6152168,834.5721375,894.8664099,941.7610446,979.9988177,1019.382553,1054.355482,1082.708823,1166.03686
738.5382729,800.7302661,876.2486423,923.7753839,963.3907096,1010.597894,1054.718005,1081.48976,1152.427494
847.6808949,914.3511839,982.872029,1041.330091,1083.926356,1127.588451,1166.898813,1189.935516,1270.133647
922.8901148,994.1736858,1071.656961,1135.470984,1174.877896,1225.283496,1261.010144,1280.67997,1346.742801
978.3033984,1043.521528,1128.524815,1181.859563,1216.46399,1271.861741,1307.501983,1330.166817,1381.90382
960.3885592,1029.519688,1114.575214,1175.640564,1215.779294,1272.90255,1306.149206,1332.880728,1381.086231
997.0095784,1061.352555,1151.915578,1214.767387,1248.098809,1316.228376,1344.406697,1364.136132,1394.646338
1044.389901,1114.43498,1202.263782,1265.27317,1297.343601,1358.593412,1388.375904,1409.457138,1436.267062
898.1862205,946.7601964,999.1009916,1042.490078,1084.755632,1122.69836,1163.985404,1203.235628,1305.655077
882.1554518,929.7635237,982.0182029,1026.360534,1070.789022,1111.65999,1154.547488,1199.042911,1291.147439
962.2546723,1014.359596,1061.517918,1112.663557,1160.128472,1198.231339,1242.121742,1288.281989,1373.936344
955.3745268,1006.074524,1052.189375,1091.702735,1141.087651,1181.744949,1216.804146,1266.577516,1345.106766
1035.729466,1079.321745,1106.411735,1145.586853,1190.044448,1225.242367,1246.731252,1301.616756,1384.370393
1190.325418,1232.7806,1259.181397,1315.857096,1351.592952,1388.899142,1420.407533,1458.867269,1541.541063
1232.441149,1274.907996,1298.838809,1347.206624,1389.080426,1423.563578,1441.786388,1492.721405,1574.985773
1249.399037,1289.125765,1333.436565,1379.535222,1413.052267,1458.293314,1489.400977,1537.111536,1593.148377
1146.838759,1185.492914,1228.672557,1271.971462,1302.934198,1349.093999,1379.871622,1432.232423,1481.755533
1076.510233,1128.03449,1176.729791,1235.048758,1272.134634,1311.254894,1357.247342,1413.85384,1462.374664
992.2910303,1041.009796,1084.254309,1147.804922,1187.252962,1229.740131,1275.396424,1331.806025,1381.124989
973.0456951,1021.819669,1064.816615,1126.133458,1163.597465,1203.524757,1245.119577,1300.362505,1348.945481
999.5788757,1044.209522,1099.761571,1155.3261,1176.61908,1226.004716,1267.090925,1303.494183,1338.343832
963.9630789,1018.100462,1084.510013,1134.838304,1160.494206,1209.008735,1248.972409,1277.831251,1317.06219
901.6511952,964.6530874,1028.73183,1070.089504,1101.124819,1137.089875,1178.438178,1209.118549,1263.34929
815.1968879,885.6132066,947.0180617,989.4573889,1028.125075,1058.00981,1101.420099,1126.752053,1200.080916
790.8318862,860.8259077,922.146718,972.2633911,1008.23114,1043.415803,1090.837253,1111.828321,1180.329253
856.4075776,928.7958338,991.3365056,1039.558294,1078.947887,1112.296889,1156.75987,1174.803121,1247.384056
915.9940916,982.5335357,1032.024354,1088.989465,1132.486785,1172.42354,1209.409743,1231.66167,1302.105798
1048.959898,1119.780837,1162.420823,1206.406159,1266.664495,1296.012671,1321.110121,1350.828667,1446.085182
1044.010688,1104.575489,1158.941228,1208.37325,1265.557508,1310.80994,1341.176217,1376.176623,1449.454061
1001.719777,1065.250316,1130.795213,1178.928017,1231.470093,1279.453671,1309.753866,1344.332679,1411.31086
1075.418264,1132.322652,1204.285262,1259.602624,1303.001566,1361.452198,1395.694637,1433.564737,1471.176179
1135.109163,1192.031669,1271.803817,1325.896101,1363.438112,1425.214659,1458.480433,1498.440992,1518.680016
994.6167458,1037.469573,1081.511827,1121.768626,1182.608324,1214.184837,1262.404706,1319.625284,1439.748852
922.7161807,958.0597501,1046.544344,1079.257973,1109.337445,1171.164891,1224.549799,1275.281821,1328.065742
1016.965108,1059.185901,1119.216063,1155.462404,1202.296929,1242.716697,1288.990475,1341.462894,1433.826036
1046.714143,1093.775267,1143.007992,1170.144994,1223.875919,1253.450502,1294.998857,1351.100469,1454.518481
1053.109227,1100.776562,1160.736842,1184.295042,1227.099732,1262.541001,1300.216763,1348.15939,1437.935235
1142.849247,1193.343905,1235.461143,1267.219185,1315.774518,1341.70878,1379.693561,1427.225743,1532.080564
1173.103228,1223.212837,1269.241005,1303.702855,1357.772976,1385.513691,1423.923784,1471.676512,1580.13334
1164.962344,1218.26806,1270.579301,1298.920285,1355.06771,1383.316386,1415.918541,1464.759158,1571.100194
1157.422495,1211.258037,1264.030514,1299.867345,1356.19999,1391.050868,1418.230415,1470.990868,1565.087323
1175.726741,1227.676952,1282.861394,1321.725911,1378.572133,1419.709337,1441.914423,1492.069526,1581.096943
1147.512757,1199.259857,1251.013775,1280.714865,1346.138759,1382.187779,1408.404486,1466.219988,1562.204574
1172.564189,1227.212478,1279.762239,1312.188627,1372.713389,1411.724406,1434.194313,1490.596028,1574.452453
1207.962164,1256.640682,1299.254481,1341.372611,1403.670943,1446.800959,1463.280219,1522.489591,1603.708571
1274.293045,1325.247461,1372.218629,1419.925342,1476.583772,1520.61874,1539.7938,1593.850786,1666.734888
1326.691366,1379.703918,1425.78799,1473.083824,1534.488563,1576.860637,1594.322423,1645.557017,1723.355805
1395.582601,1448.738483,1512.387813,1556.550111,1616.081905,1668.084482,1689.452828,1728.503437,1795.671812
1454.401862,1510.687153,1570.853056,1620.552419,1673.639749,1724.510983,1739.731639,1780.649876,1836.901072
1484.610837,1542.071079,1602.288522,1656.938521,1708.313192,1762.072375,1774.138743,1813.270506,1863.473369
1542.94615,1602.204651,1656.428309,1715.485525,1768.100058,1818.549475,1829.783686,1867.514479,1922.518299
1551.812297,1609.366352,1672.835996,1726.047679,1772.496436,1829.174243,1846.791905,1878.004844,1920.374587
1541.439978,1601.630751,1658.798216,1717.25893,1772.448625,1828.197789,1845.575821,1884.703765,1928.149319
1594.167702,1658.761207,1713.883643,1769.896587,1827.764591,1879.104872,1894.918786,1927.582958,1981.565818
1562.760465,1629.095805,1679.726155,1737.0717,1799.699464,1848.886919,1864.970768,1903.86939,1959.134499
1575.7421,1644.902988,1692.964023,1751.379652,1811.735116,1858.339592,1871.944462,1912.574987,1964.242923
1390.199887,1436.940718,1475.799242,1510.045143,1569.800501,1604.9196,1638.942325,1689.85812,1800.44101
1460.448391,1508.807838,1554.548658,1589.504614,1651.064545,1688.160117,1727.249607,1773.57561,1880.408373
1463.108084,1515.353869,1560.403253,1600.469513,1663.881258,1700.954774,1739.059917,1784.920009,1890.194624
1463.074997,1514.537702,1560.042626,1600.249174,1664.62455,1701.652718,1739.764033,1791.325925,1891.79628
1484.068532,1539.893305,1579.360251,1628.077298,1694.681446,1728.628201,1763.083025,1815.301867,1919.521056
1501.391275,1555.995557,1598.907236,1645.979079,1712.112781,1748.278387,1783.314069,1832.624684,1933.815392
1531.968784,1589.787502,1629.572458,1682.623695,1752.696581,1787.565956,1819.618991,1866.762932,1973.224869
1548.751351,1606.919369,1655.908391,1707.70779,1769.246913,1809.538083,1840.819913,1880.548664,1974.582966
1604.874145,1662.341058,1717.700458,1768.89574,1825.061997,1866.394095,1898.131469,1939.528475,2020.370997
1571.698113,1619.501159,1680.772783,1732.172839,1778.91353,1830.488648,1858.473047,1903.083939,1960.935957
1597.008822,1644.267372,1699.138656,1747.507044,1791.273604,1838.388618,1863.827415,1903.346982,1967.238322
1447.725973,1504.855873,1570.175426,1624.489899,1683.924714,1732.912524,1765.550147,1810.574061,1875.732816
1396.900922,1452.284677,1517.333678,1567.492959,1624.540824,1677.651294,1705.049861,1751.000642,1807.204775
1340.735771,1405.122147,1468.4249,1524.12929,1591.401069,1638.307843,1667.891253,1715.456038,1783.964867
1340.011524,1405.532623,1469.332775,1516.511864,1580.241583,1624.094752,1652.603779,1697.344399,1765.834359
1360.549807,1424.155786,1481.149291,1541.535141,1601.57124,1647.691372,1671.382829,1713.779961,1781.543751
1352.09484,1421.053443,1471.751017,1535.797401,1600.996708,1638.990238,1657.967217,1703.68291,1783.870949
1366.713477,1439.207832,1493.403832,1554.45372,1625.374353,1661.686936,1687.48775,1728.533572,1815.63297
1410.287935,1482.559503,1533.262568,1594.764114,1662.241009,1697.537546,1722.922901,1763.472233,1846.872787
1417.187553,1496.822725,1555.300337,1616.808597,1679.204866,1715.80995,1744.808448,1784.578141,1854.447939
1513.620334,1585.290486,1643.704738,1695.479011,1759.45082,1801.714057,1823.594656,1865.343195,1927.016545
1561.446841,1627.673854,1697.873297,1749.74809,1800.874828,1854.112501,1879.444324,1915.363796,1952.629825
1728.679306,1789.657743,1854.951503,1913.512877,1962.682779,2018.589691,2044.22154,2076.172161,2108.912115
1681.268566,1745.505167,1808.920296,1860.213148,1913.109626,1965.960555,1982.675791,2022.243937,2054.268002
1542.164593,1576.95446,1606.894477,1653.595159,1709.899224,1752.223752,1780.412772,1836.593661,1936.880527
1504.573418,1534.845162,1571.632149,1620.211504,1680.090999,1733.590762,1760.96597,1818.022996,1909.116564
1606.666184,1639.706391,1686.501297,1718.354468,1766.259666,1816.376835,1841.611601,1883.704932,1971.886677
1605.543121,1653.569588,1702.744437,1736.110933,1783.344691,1824.779037,1845.454587,1889.403046,1975.405332
1528.776333,1585.733089,1630.785689,1671.869941,1727.348636,1765.984088,1787.035668,1833.961954,1927.689393
1569.597245,1628.119091,1679.015846,1726.123936,1781.154636,1821.612528,1848.882916,1893.022099,1981.849855
1606.919049,1662.062849,1728.762112,1768.173846,1821.198541,1866.03469,1903.926775,1944.029435,2021.795971
1586.587907,1636.683722,1701.21597,1732.338011,1777.364185,1822.030781,1856.153365,1892.906303,1969.24068
1461.758268,1515.861912,1574.632598,1609.158617,1660.402232,1704.34298,1729.571258,1774.602764,1851.744394
1324.019461,1376.872413,1440.149997,1485.460652,1544.150973,1593.375847,1619.402928,1672.599899,1743.01247
1096.706749,1143.963651,1229.52138,1264.406652,1316.235976,1382.577378,1404.638092,1451.368615,1499.610167
1029.162677,1083.88928,1154.140013,1197.532111,1259.435157,1311.290701,1332.227848,1381.456617,1453.091995
1016.540483,1071.261897,1145.447974,1189.833032,1250.35519,1300.842171,1324.699934,1371.335004,1442.641626
1071.687934,1128.55697,1216.305343,1248.405223,1300.386348,1350.414725,1378.819539,1409.890156,1477.10135
1042.415174,1108.925379,1184.128999,1224.264802,1279.521019,1317.217505,1338.833491,1377.149492,1453.857552
1089.18847,1149.847749,1228.784549,1271.422577,1319.200951,1363.962267,1390.148337,1427.728714,1487.892842
1152.323022,1211.638663,1286.084539,1326.357406,1364.950294,1406.595525,1434.67561,1467.716457,1524.998257
1115.25895,1176.744749,1248.141847,1287.806019,1340.599121,1384.241412,1407.365842,1446.075806,1508.500329
1143.204245,1208.922011,1281.432131,1318.724228,1372.625821,1414.163927,1437.497416,1472.644619,1539.632704
1187.282482,1258.630502,1322.11862,1368.821317,1430.217228,1464.2666,1483.353572,1523.797304,1601.656497
1184.472084,1256.376404,1337.020947,1385.949496,1439.217243,1484.304023,1512.546536,1548.383938,1600.534342
1224.602469,1297.417237,1381.365303,1428.373794,1483.385459,1531.147915,1553.557428,1591.012338,1635.832286
1260.575435,1331.153875,1401.959419,1450.879627,1509.218509,1553.982927,1571.656974,1612.397694,1660.931175
1305.756852,1380.460037,1455.340051,1507.801234,1564.717838,1613.083828,1626.134578,1658.947151,1703.366797
1117.355287,1164.447385,1222.270869,1249.846804,1302.981325,1335.521252,1375.611206,1421.004903,1531.387171
1143.127085,1192.265834,1262.006127,1281.563483,1340.291624,1375.457952,1422.528358,1464.943996,1570.689827
1197.256826,1241.142407,1297.432389,1311.373987,1368.39977,1400.130233,1436.036133,1485.053528,1590.415879
1185.652954,1232.196637,1283.568142,1304.358612,1368.319087,1400.698551,1429.142202,1478.776028,1588.090401
1119.398592,1168.540645,1217.274705,1242.513015,1315.908464,1350.355512,1376.52066,1428.558543,1542.137796
1148.661914,1199.043187,1245.301938,1279.133356,1337.917029,1372.995989,1400.941954,1448.971047,1546.751297
1291.632667,1341.333676,1380.373393,1427.803427,1480.683728,1514.37803,1545.780469,1589.142114,1681.709355
1258.770274,1304.433523,1348.889494,1396.284773,1451.764812,1489.386499,1525.393459,1569.570144,1661.634463
1202.632301,1244.872869,1298.621259,1337.844677,1385.696146,1422.775029,1458.49416,1508.495679,1592.304801
1174.452323,1224.922529,1264.466895,1312.961566,1377.71765,1402.630615,1429.190623,1485.937039,1600.431328
1064.633359,1110.747466,1177.454773,1213.984847,1268.479098,1310.80012,1347.73525,1390.656869,1483.782674
1010.407705,1059.220353,1129.644249,1172.068265,1220.900954,1267.615037,1304.628666,1350.51607,1422.357635
983.0890287,1030.802286,1100.045706,1130.798408,1174.223879,1221.030151,1252.74931,1297.090812,1362.979264
983.8334481,1039.650883,1097.479608,1141.739182,1186.62467,1226.050707,1253.778194,1292.864702,1371.930736
914.3214662,973.6744576,1044.550108,1087.407065,1140.348781,1185.968964,1220.541399,1255.369561,1331.839277
880.6330081,941.1640636,1011.921683,1052.000465,1100.2495,1142.86126,1175.726538,1213.762243,1285.598447
855.4528877,919.2308665,983.0909648,1031.51481,1090.109258,1133.765904,1159.668527,1198.048389,1276.379522
911.8781398,978.777896,1038.715153,1089.641333,1140.662936,1182.220201,1204.737385,1239.012377,1312.51401
1000.387383,1075.895137,1140.759512,1188.013456,1241.029245,1278.67839,1302.49037,1331.992859,1406.969067
1125.341416,1198.600113,1256.639633,1312.320775,1381.827437,1428.891128,1446.532801,1484.19891,1555.463973
1281.002859,1350.469136,1405.90988,1465.38861,1540.745635,1591.14432,1611.492985,1653.618122,1719.591949
1366.089386,1441.424614,1472.581822,1529.713546,1599.30159,1629.38542,1637.661027,1682.430545,1768.348997
1436.22736,1506.536035,1580.323162,1618.107585,1675.458002,1725.098261,1748.494689,1787.242363,1829.913748
1351.499029,1430.858777,1504.102726,1544.365606,1615.756417,1663.405428,1680.092484,1728.94204,1777.007406
1213.492524,1263.552139,1307.888846,1317.000066,1380.172627,1407.796017,1434.125498,1499.42614,1620.758928
1368.232292,1416.415883,1449.488866,1465.358654,1538.613957,1563.336065,1596.099436,1656.827686,1791.965672
1458.357255,1506.36405,1540.069437,1564.251578,1633.242173,1660.702872,1692.547105,1754.794234,1877.730355
1401.504876,1448.977862,1504.773045,1536.633889,1609.756176,1658.987577,1690.903404,1744.390347,1849.430068
1542.562661,1582.974359,1636.335491,1668.135283,1722.634565,1772.829714,1808.052867,1861.404964,1942.986425
1576.797488,1628.991962,1680.219306,1713.863293,1779.991155,1821.497909,1854.481223,1903.324725,2004.31833
1584.612009,1635.546443,1691.81233,1733.640266,1805.397517,1854.977011,1888.682731,1937.450602,2032.860221
1559.679845,1606.250949,1673.721943,1712.746746,1762.184213,1818.899646,1853.542391,1904.46775,1961.938302
1341.522101,1383.34304,1469.800785,1520.391454,1559.646975,1631.876095,1671.29251,1728.314063,1742.107468
1277.21439,1330.758808,1412.69429,1456.455389,1505.615338,1561.396414,1603.972989,1648.682139,1694.000019
1196.852295,1256.692789,1324.706189,1375.503501,1424.072577,1473.410259,1497.949939,1531.795999,1593.897349
1033.111964,1097.557366,1184.438248,1228.640735,1277.388417,1329.634927,1361.871544,1388.013498,1446.998898
933.3994999,998.1115391,1080.364891,1127.221735,1171.377439,1224.405769,1247.568349,1264.897289,1329.552272
792.6653965,860.9039651,949.0754533,993.5050361,1031.897858,1086.179715,1107.29931,1121.532967,1180.337283
713.6096501,779.0615117,873.6478588,906.8568008,940.2619076,993.7567309,1019.454701,1025.820717,1086.768621
685.0989751,753.3906799,836.3182557,878.8096757,914.7102724,960.7331313,981.678837,993.6628756,1063.47831
646.1543182,712.9398998,794.3443614,831.3113497,869.9987185,912.9066781,940.2332455,953.4068052,1028.729817
686.1390251,752.3367024,839.0636938,877.4573523,910.0281158,958.3781008,984.5694554,986.484724,1056.846995
754.1131162,820.0015116,906.7815554,947.6905599,984.477234,1033.356433,1059.444449,1061.045897,1135.127024
808.1992442,878.1569929,968.8644287,1012.094289,1047.652556,1096.156619,1117.75051,1123.501874,1189.239223
866.6861099,935.8453619,1032.273509,1083.784722,1111.991495,1168.240365,1187.834072,1192.665698,1238.462758
810.1828959,876.3260686,979.9612305,1035.990336,1065.374671,1132.315304,1155.90251,1165.656938,1191.572684
863.489888,935.3222907,1035.092745,1091.1663,1129.131497,1188.730402,1216.889815,1226.168518,1261.412906
918.5013585,992.633575,1086.2857,1153.016493,1187.596819,1249.10909,1271.265094,1290.774458,1301.781225
701.9335532,751.5935009,809.9121021,843.746371,891.4884279,921.3123497,970.6811017,1008.279163,1120.879059
781.1238022,829.4893036,886.7895247,919.7738663,966.432241,996.3042542,1043.518753,1075.165347,1188.67341
740.6740453,787.9270791,851.1346086,880.5905413,922.8688827,955.9982828,1008.097179,1043.557548,1140.95792
759.0929842,799.5743261,872.8555135,900.303832,926.7970791,973.7326621,1022.634989,1054.163073,1117.655958
881.2704008,931.5740491,981.3340761,1022.969763,1069.439582,1096.640912,1143.385356,1179.825308,1279.69923
928.5667792,973.5456766,1010.730095,1054.639594,1115.197371,1139.21975,1187.831794,1241.090029,1344.519139
965.3366942,997.2739943,1047.786639,1079.290786,1118.743369,1156.491042,1208.131135,1255.130146,1328.870574
1018.533613,1046.838862,1085.850135,1112.495473,1158.922572,1192.021816,1234.197963,1289.504975,1373.841554
1158.515364,1183.04986,1237.01936,1256.229848,1285.437155,1325.887108,1376.607784,1417.923026,1476.996545
1129.712996,1162.199112,1214.978838,1235.537184,1277.087437,1315.427521,1373.974617,1416.587381,1480.533551
1081.321644,1115.600831,1159.06002,1183.441443,1234.491454,1269.052999,1317.150429,1366.027172,1442.990293
1167.04489,1199.341013,1233.209943,1265.305059,1317.9879,1350.673639,1388.921427,1439.969469,1517.505015
1201.758642,1234.364054,1283.918039,1311.963667,1361.669899,1400.075256,1442.677607,1490.204319,1553.06804
1183.819406,1217.922534,1263.087171,1290.502952,1335.396334,1367.409594,1408.887093,1457.141987,1523.611206
1193.818268,1229.982298,1279.243351,1310.081289,1371.00203,1408.416859,1449.260861,1501.566809,1569.160702
1224.527068,1256.286942,1316.793725,1340.892422,1385.17592,1431.024775,1478.456535,1524.256216,1564.265809
1268.499668,1313.647011,1359.755715,1395.014574,1458.77595,1493.437772,1530.137327,1572.312834,1647.383822
1391.233858,1440.553257,1491.147881,1529.216126,1587.811462,1623.204068,1665.193567,1704.306446,1766.905851
1492.263636,1535.944911,1588.901448,1632.743536,1678.690733,1725.081968,1761.657566,1796.234238,1837.872711
1585.146699,1630.199837,1681.317352,1726.818284,1781.606789,1827.554753,1861.949704,1899.891701,1945.703158
1595.064588,1642.786691,1705.957963,1748.558465,1800.568863,1853.32573,1887.420922,1924.787602,1954.010766
1694.898209,1743.425379,1803.200428,1852.072895,1901.399522,1957.956342,1980.390606,2011.392157,2038.434786
1720.802858,1774.356273,1829.503106,1875.54525,1930.059774,1979.373905,1998.861988,2034.495328,2069.45699
1736.989597,1794.980135,1850.077281,1903.481317,1962.93622,2014.008594,2032.650008,2068.207883,2102.241198
1505.471876,1537.745524,1579.940054,1602.191765,1661.736309,1695.607078,1740.878836,1786.306696,1904.369478
1603.949721,1636.848816,1679.255324,1704.736006,1759.540117,1793.83983,1838.306433,1882.961507,1992.580484
1566.912532,1608.199242,1652.124673,1680.831651,1746.047853,1779.320946,1818.877815,1870.473524,1980.575634
1616.690412,1658.280108,1705.414947,1731.16076,1798.030805,1834.396239,1871.971818,1920.123161,2028.639254
1761.927814,1805.321452,1847.784396,1880.722803,1948.385412,1984.185515,2018.570107,2064.666968,2170.138971
1726.989792,1766.592354,1819.888336,1848.051623,1908.076101,1953.919101,1989.697467,2030.932512,2119.958361
1680.481175,1730.1007,1779.151874,1801.852664,1873.402172,1909.851318,1936.024568,1987.428705,2086.682735
1660.190534,1702.284811,1757.830697,1788.694138,1842.053804,1888.425063,1919.595517,1969.019527,2039.153938
1672.229674,1712.278355,1757.945145,1787.223324,1840.342047,1881.058994,1914.123286,1962.300285,2038.523904
1633.266119,1677.189504,1727.91816,1770.15771,1829.276855,1872.734562,1911.636913,1962.255197,2033.598555
1587.039133,1632.638137,1685.765699,1720.009419,1773.993621,1816.779057,1852.924578,1895.380828,1967.817423
1512.500301,1559.727041,1607.581956,1641.745544,1697.707609,1736.068714,1771.164401,1821.033156,1891.505387
1517.558319,1565.232674,1629.12523,1664.63571,1718.456188,1765.199058,1805.142358,1848.66981,1904.358055
1374.03674,1415.851159,1484.919952,1509.419042,1549.641305,1608.588603,1642.613288,1686.75179,1712.740904
1395.486107,1449.29199,1509.231068,1534.370532,1592.069247,1632.811012,1672.459586,1719.373131,1774.279325
1465.230643,1524.532323,1595.576817,1621.500705,1670.933302,1713.543573,1754.417365,1785.598977,1835.270898
1435.311581,1494.858218,1564.12236,1593.848268,1650.020501,1693.726232,1736.258548,1770.844579,1821.203585
1442.080278,1505.110532,1576.06829,1607.240266,1662.929102,1705.647284,1745.888282,1782.766209,1828.181668
1526.94335,1586.082837,1657.330904,1685.157634,1736.64379,1784.760076,1819.01473,1849.828745,1889.394425
1568.317172,1627.491566,1692.341953,1726.808557,1779.372526,1830.236678,1859.65626,1895.388369,1931.229278
1732.408172,1805.924723,1879.604857,1920.888055,1981.342544,2023.861782,2050.884111,2088.873332,2127.315862
1620.416643,1691.341544,1772.39697,1808.865517,1864.760678,1922.404759,1943.39658,1986.493545,1998.333772
1784.688349,1857.427213,1919.8482,1984.755851,2051.664321,2109.350908,2116.1695,2170.981803,2181.420552
1878.622023,1941.493039,2010.195575,2062.92175,2122.863973,2188.490012,2203.986323,2253.99911,2248.340026
1593.532949,1627.274173,1699.022345,1709.066397,1763.359407,1821.983316,1858.300149,1925.114748,1978.118012
1725.630022,1766.633628,1815.375364,1836.878771,1911.881873,1956.59594,1992.632597,2059.699718,2146.244732
1745.099315,1780.947604,1825.139562,1838.595766,1906.06384,1951.521322,1979.883415,2044.13597,2127.762057
1805.494631,1842.408027,1896.419855,1916.053723,1988.974725,2040.019343,2073.626952,2136.888243,2214.301757
1811.543897,1845.441682,1901.48942,1922.341895,1983.77458,2040.614618,2079.091478,2139.281065,2200.40773
1803.682197,1846.334397,1901.891556,1924.965752,1998.748283,2051.025982,2093.049103,2149.517272,2225.933467
1823.022747,1856.937866,1912.573673,1936.449896,2002.370967,2063.942948,2093.95888,2153.385841,2213.772383
1830.965314,1864.245976,1929.031508,1966.654118,2019.364869,2088.87607,2121.406172,2175.350922,2210.347745
1626.814892,1652.51392,1736.608941,1770.259344,1805.357256,1883.104815,1923.862719,1985.073578,1980.081376
1538.262789,1579.292265,1654.232882,1692.551784,1738.095588,1798.221706,1842.241087,1894.095631,1919.007636
1501.703162,1548.044689,1608.529411,1647.451677,1697.151829,1744.608846,1779.892062,1830.810815,1875.09312
1378.758292,1427.065892,1495.411585,1530.121901,1581.527632,1631.800904,1667.802365,1709.968099,1758.95011
1349.51877,1400.436151,1462.602739,1511.434929,1560.01398,1609.508012,1645.241413,1681.356201,1732.679911
1269.779691,1323.135861,1382.706457,1428.625294,1473.148122,1518.817413,1553.554881,1586.949756,1638.279982
1190.661792,1244.852396,1313.085714,1354.170611,1395.970183,1444.091163,1476.661348,1505.8766,1555.148011
1125.825143,1183.623578,1254.408887,1305.195895,1349.31162,1400.941022,1431.707879,1460.244334,1504.608157
1100.222704,1159.971028,1235.04915,1279.545158,1324.318004,1375.01856,1406.309175,1430.709449,1477.575447
1084.012238,1143.86837,1219.471221,1261.588302,1305.579019,1356.654087,1391.812347,1408.623759,1460.589502
1153.65984,1222.310619,1286.151518,1326.015493,1379.129791,1418.777402,1446.475795,1464.854658,1535.452336
1442.15621,1519.211355,1583.735115,1643.013748,1709.065117,1750.771052,1774.169669,1783.307574,1863.69318
1539.389403,1614.775828,1687.506357,1742.009191,1803.971915,1856.066134,1876.356483,1891.928786,1940.759462
1598.373654,1662.356826,1738.656422,1788.958134,1849.715328,1910.668515,1930.299348,1955.529402,1985.079521
1669.129719,1740.903936,1825.92984,1873.572758,1930.147843,1985.755697,2010.477508,2030.392808,2056.935864
1791.078052,1860.687106,1935.753095,1989.154385,2042.993387,2096.101267,2118.039925,2140.359458,2164.570231
1523.859201,1564.160558,1611.097412,1632.186273,1691.141501,1718.653871,1762.256766,1808.776396,1927.336743
1569.480114,1602.769924,1643.152321,1659.98304,1712.378222,1742.858398,1786.312665,1833.218281,1942.812166
1555.318258,1590.899844,1638.023063,1646.098765,1700.068665,1731.14981,1768.280759,1813.883651,1923.415772
1602.386521,1646.031643,1685.081522,1694.67488,1755.924932,1778.679698,1814.136643,1860.851679,1980.572216
1605.748874,1646.368541,1683.737231,1694.405554,1752.897136,1778.934388,1819.555796,1866.439041,1977.602937
1651.700045,1703.108455,1720.920426,1748.786726,1843.415845,1861.565161,1891.645509,1950.136918,2092.588206
1721.960018,1768.930024,1808.706464,1824.457478,1898.708759,1929.042118,1971.445661,2015.021348,2123.476073
1706.412472,1745.596323,1819.001478,1838.268913,1885.114155,1940.225996,1986.895303,2025.46139,2069.769525
1394.660559,1431.590458,1531.928409,1543.284632,1566.643694,1635.315003,1682.249113,1726.064457,1719.60138
1269.06061,1309.226055,1367.870504,1415.668346,1460.129345,1512.771699,1554.699116,1607.40247,1637.902788
1119.939834,1157.312195,1211.459105,1257.81902,1294.191023,1345.572178,1387.633575,1437.350871,1463.696594
973.0079515,1010.76636,1075.028428,1122.216208,1153.617653,1209.304661,1249.614163,1293.826772,1312.688657
884.3153753,934.3322625,1004.553161,1065.895631,1110.148953,1163.717371,1212.762691,1249.724472,1280.775299
878.0712278,925.585853,998.5242913,1050.492677,1078.891458,1134.177631,1171.029649,1200.473998,1220.517272
798.8551864,853.2062477,928.0327214,971.9311326,1005.766193,1055.127284,1090.379247,1113.059089,1149.990329
803.3356476,853.9024881,923.090174,963.7818512,1006.040799,1055.512547,1088.491055,1113.820125,1157.307306
788.3482554,846.139481,924.5071773,956.4735213,983.1435544,1026.836171,1062.333796,1079.792365,1116.622665
881.5455524,941.7449327,1004.372508,1044.503165,1086.59775,1127.051879,1151.897894,1168.384322,1224.603607
945.6672271,1012.985114,1074.500813,1114.505927,1156.169813,1187.4217,1219.006962,1230.317058,1299.594034
1075.752483,1141.341012,1207.276227,1256.790884,1297.798065,1340.274764,1368.845735,1383.191646,1430.767315
1278.272858,1342.046248,1415.372732,1473.366364,1509.34128,1557.149583,1591.42793,1600.307441,1633.039119
1282.209735,1349.813878,1424.351439,1480.903798,1523.369948,1572.069686,1606.104907,1620.766135,1647.545675
1301.095446,1373.736112,1450.005382,1504.037933,1543.511418,1589.549075,1619.57453,1632.709223,1655.275371
1327.475833,1399.460647,1468.596574,1528.567284,1568.442157,1617.631198,1638.663062,1657.694845,1670.846573
1083.257119,1125.762034,1166.872915,1195.339975,1240.446582,1262.116005,1313.047661,1351.947202,1467.112166
1058.703648,1109.400855,1166.611376,1180.165706,1224.624307,1245.47451,1298.163116,1327.367459,1442.836672
1070.426993,1119.096056,1170.364794,1192.837372,1239.284011,1264.646651,1311.047378,1336.919464,1454.562513
1172.766787,1224.649592,1276.39558,1305.80912,1358.844022,1383.24696,1433.985739,1456.492031,1577.144324
1127.815982,1184.476778,1236.623008,1266.552526,1326.356257,1352.555925,1390.199906,1421.187275,1536.771835
1165.547294,1227.668332,1271.307041,1319.794512,1395.032907,1420.995213,1454.796393,1489.142687,1613.606991
1217.769085,1285.165933,1333.339364,1382.791852,1450.242357,1473.187936,1512.069079,1546.538373,1657.243853
1228.048439,1292.187167,1341.577656,1388.758822,1462.234243,1488.154917,1525.310834,1567.521329,1669.696473
1145.953754,1194.927896,1269.98038,1317.0562,1374.205532,1427.184908,1464.701781,1494.668219,1559.094914
1054.150134,1101.483849,1184.623635,1231.550486,1288.320579,1346.020484,1383.613931,1399.748908,1469.767941
898.1873766,942.0216924,1024.921993,1072.88936,1116.19442,1176.800498,1204.285632,1229.92864,1274.718407
723.0425266,767.7383271,855.4119878,904.7738004,943.981484,1008.889226,1036.780045,1058.380638,1094.469479
638.8917526,684.9764217,776.5762184,817.8226518,845.5463213,909.2171663,934.9723076,953.7626897,977.1463915
606.3305498,657.6862782,739.2919616,782.2023745,814.7229658,867.4391137,901.0045613,918.2363449,953.2531464
530.2627816,581.5160752,672.3793319,714.879841,736.795219,797.2808614,822.016386,836.2436113,855.6762884
552.0610448,604.2239894,691.8167436,736.330337,759.4669711,819.5467625,841.6294209,850.4062807,873.51987
585.8585655,640.2775836,724.0506597,766.8345062,789.2356506,844.4945043,866.177139,869.5475734,900.8966013
560.2231054,620.0189769,696.1082537,740.0817653,775.4210909,824.4101317,847.7714895,854.3816513,900.3616603
673.7875717,738.9990028,815.4333338,853.3297024,895.4531693,939.1665502,958.1489654,957.2172344,1020.289384
843.8855735,915.3511923,1005.837033,1054.091045,1106.334137,1163.444413,1184.569088,1183.970897,1227.180327
977.1761632,1046.706675,1127.756976,1183.22642,1237.265793,1292.55378,1317.480097,1327.498061,1361.548947
1045.810352,1113.269274,1194.218607,1254.636301,1299.435184,1352.105884,1386.505206,1394.976527,1420.535922
1171.782082,1231.474321,1304.413988,1363.381929,1391.374638,1445.897412,1473.969311,1488.878477,1488.291012
1143.972155,1195.105228,1249.298999,1315.456944,1344.239325,1401.116421,1415.034996,1441.503262,1437.751614
846.6995427,870.3066198,906.5174547,927.8430259,971.7810305,1003.771505,1041.568059,1097.958523,1195.61005
906.9908398,942.1410404,986.1892551,1000.912982,1054.114709,1079.351744,1123.396332,1176.777343,1280.494536
966.7574,1003.980796,1047.008019,1064.558597,1116.924741,1143.63242,1187.869467,1235.495269,1337.02058
1092.960899,1138.97964,1168.155496,1184.827732,1233.464533,1243.515254,1290.731291,1326.366832,1445.973336
1197.672832,1241.069137,1271.022528,1299.324465,1347.71732,1368.186546,1405.41584,1443.416391,1542.210287
1185.958136,1233.364883,1266.795816,1295.516558,1344.681021,1367.88878,1405.901317,1439.697859,1533.311914
1289.755464,1344.360601,1386.44441,1414.012159,1464.693234,1485.450802,1526.716948,1560.251498,1645.492833
1270.046104,1319.915533,1355.896192,1395.096906,1439.783541,1464.586949,1499.175023,1542.335769,1609.641813
1028.674293,1070.69678,1130.166432,1168.821172,1210.440868,1254.753796,1296.57996,1337.92197,1379.388463
850.4655408,884.4024032,947.0378922,993.6643517,1037.186505,1093.231148,1132.757948,1172.885285,1207.584179
699.2137733,737.9119329,807.0606611,844.9977322,889.4202361,942.9132925,977.3480152,1008.10542,1052.741258
602.6808636,649.2065964,719.1948141,766.5698206,806.7821709,858.4345841,884.1524565,911.1047468,953.0148702
546.2893664,594.2591465,669.6109611,715.2253644,751.0603292,807.0343567,831.4483387,851.9591987,882.9764106
478.4706924,525.6921907,606.95228,654.3517531,690.4684137,753.0812083,778.3980054,799.8045038,818.7480998
542.8117157,584.7228131,652.1396957,707.270104,734.6661441,796.1476879,814.2605253,827.3836476,850.1433863
492.7526132,550.3002235,617.273279,674.297092,716.0257318,765.6419027,781.7552405,795.5250963,840.5233371
505.2122221,562.8854165,631.3815406,688.0976013,725.974318,775.8455788,796.492837,802.1018932,847.4760067
563.8648539,622.5595581,693.2672464,728.1949017,760.635341,804.299145,827.2209814,818.9463251,874.7864045
597.4886999,654.7814931,720.9233475,763.7368951,800.8526549,850.0517271,865.722975,865.7772372,914.4418397
767.0959891,830.0134902,911.9582954,960.6026596,1000.304863,1055.838843,1083.97963,1074.23964,1115.331896
909.8770272,973.9994911,1053.294156,1105.098121,1152.144666,1205.810206,1230.168789,1231.986987,1266.468541
924.8986025,985.9720047,1056.244289,1110.374014,1150.530415,1206.610688,1216.4702,1222.830033,1246.399707
1041.530949,1096.774924,1156.930794,1210.990398,1241.018997,1289.349486,1306.439596,1322.961673,1335.006053
1091.435678,1149.288745,1209.016946,1275.052068,1317.987227,1368.607406,1392.572164,1415.951258,1425.165158
809.7636079,838.1836664,874.7355073,910.8483015,966.8138503,994.9203064,1041.401753,1082.471283,1207.316743
871.1439584,896.4750583,945.8489906,983.5958445,1033.043916,1074.009878,1121.471551,1149.393879,1259.147467
857.4606801,889.1832898,937.298032,982.74341,1036.062911,1075.820702,1120.202588,1154.726403,1257.822957
882.0859534,922.656205,969.0787029,1014.770755,1076.282132,1108.114314,1153.821682,1187.966923,1300.576521
875.5778934,920.0569477,953.426701,1001.661353,1061.196075,1087.821447,1124.177176,1164.84045,1273.378167
816.6804427,861.7553059,904.322203,955.0883335,1018.456981,1057.206575,1093.383892,1132.436623,1226.262702
944.8517139,994.8154751,1042.356118,1088.372294,1151.421841,1188.469804,1224.67454,1256.284362,1346.807657
932.3017138,980.7583975,1020.717368,1068.926177,1132.594704,1165.805687,1194.588051,1238.014422,1323.799464
879.2557611,926.1634604,988.7374567,1013.373026,1066.560582,1097.918591,1129.607906,1176.140222,1244.257439
779.803508,820.0630893,890.9215005,904.6398077,952.088326,991.2504148,1019.368681,1060.220021,1119.277824
718.6466164,762.5857306,824.9832005,853.9628971,901.784013,938.9345188,965.2139392,1012.241044,1063.892004
781.1770463,816.2055933,873.6026827,917.1990668,975.4819094,1021.162,1050.29505,1103.85626,1147.60981
717.3040306,753.9004205,789.6641818,847.3929398,919.3550668,958.594724,978.2443789,1039.044739,1102.827975
665.5315498,675.8625732,743.421989,788.4244784,820.0860017,900.2299598,933.1340993,968.3909168,963.4325173
715.1142037,727.2529124,799.4081401,838.107785,865.1350108,943.3556285,972.0995772,1001.694245,994.5113171
757.6098975,773.2083794,843.5562261,902.5354107,925.6805232,1012.154779,1040.716821,1056.991967,1044.951922
787.1391556,817.8687476,910.4236163,962.0037119,986.4744154,1067.543888,1106.547038,1119.767313,1102.638387
825.8856171,857.4765634,956.2063856,995.7525869,1014.880563,1095.86246,1134.878344,1135.522425,1120.492307
873.7980582,910.0426314,998.8962032,1032.43269,1057.672666,1128.923902,1158.906855,1160.092425,1161.048944
862.0175648,904.7751075,991.3429177,1029.662798,1063.646585,1136.374953,1163.034283,1171.767467,1166.960716
830.8833052,885.0031069,973.5164879,1010.682774,1059.84139,1130.051419,1148.432803,1165.126097,1163.776716
833.1839281,890.7369683,988.0052681,1019.350021,1064.159135,1136.478179,1152.474428,1165.801671,1157.156847
922.4779914,977.6480747,1081.921296,1102.012247,1137.505106,1213.987323,1230.7218,1241.397272,1212.377036
995.3834725,1050.642878,1133.244644,1158.888323,1206.38294,1275.226372,1284.134652,1296.354121,1289.938887
658.497706,683.7036711,733.5718858,724.7956283,787.4291432,826.9009177,864.5551879,906.0750958,1017.776108
793.0508236,817.0847877,853.7085424,866.630506,909.8997754,945.0395433,975.3720008,1016.678524,1114.846349
886.3541562,935.9221923,940.1661878,983.3033584,1066.694286,1065.37181,1087.5161,1151.456752,1313.376072
1017.554943,1053.925543,1089.415491,1122.545702,1173.269949,1191.170732,1222.153241,1268.833136,1387.653097
1041.029389,1063.404691,1121.077086,1119.421871,1155.037939,1185.291659,1224.235303,1243.72711,1360.193763
917.8423804,949.4273577,1001.381019,1001.886653,1041.227367,1066.537393,1095.076979,1121.85769,1241.918141
911.1585658,954.8016109,1010.180853,1015.657636,1072.162691,1096.073115,1123.829547,1158.051969,1279.390523
900.523548,949.9833248,1007.568649,1019.175149,1071.191864,1098.356392,1122.332238,1153.320991,1262.757129
903.5213671,950.3490575,1009.513152,1027.875392,1081.152833,1114.635969,1135.061166,1168.207679,1266.353411
874.6371372,923.9612005,984.968134,1007.899092,1065.015727,1101.773144,1119.939011,1151.656746,1246.426825
861.1233836,913.2150449,970.8210916,998.5094714,1052.399628,1087.708793,1107.80662,1134.533427,1227.133966
761.016761,813.5159979,881.6226512,908.1410096,960.3171929,1004.119317,1028.804715,1052.211101,1131.918196
721.9687619,778.7697882,862.8530489,877.1210732,928.4580289,974.8177877,1002.279381,1018.238172,1093.122655
728.6139396,791.5452775,868.5589688,886.6245382,939.1667162,976.6064004,1004.336852,1015.71108,1105.869598
713.0699327,774.7931758,869.9113311,887.926473,923.0676768,970.5569598,995.161656,995.2064469,1065.306619
589.723651,662.9890517,754.772178,782.0602254,819.1485349,863.8980915,883.69448,892.2022624,953.8547244
616.2742331,692.7763405,777.0760994,812.382889,848.4059154,893.3495208,900.7665375,906.8983139,965.5030978
695.0830936,787.9021369,854.8059575,909.606745,970.260879,996.8486962,996.2894663,1014.533731,1104.536498
707.2545419,800.8612735,873.2410966,938.0451877,999.5791307,1036.844185,1034.107199,1051.122656,1129.723968
949.4295216,1036.162235,1124.912743,1183.664508,1237.931777,1286.296694,1292.203668,1293.25347,1353.727017
1060.407532,1147.599634,1239.923481,1294.21094,1349.41723,1399.672163,1406.420093,1408.458137,1456.329946
1167.021848,1251.526143,1346.057942,1390.612836,1446.380827,1501.310013,1502.626951,1494.821278,1541.359916
1264.682918,1350.310277,1446.119643,1495.150359,1555.829442,1612.351626,1618.05815,1612.477431,1651.503541
1384.122861,1462.954097,1552.33578,1605.116161,1655.325629,1717.281706,1713.070517,1709.374514,1730.112797
1058.999798,1103.591166,1165.104148,1168.443025,1235.059108,1264.705437,1292.017088,1317.880136,1462.418039
1157.237628,1191.885528,1245.86431,1245.928037,1306.573225,1340.189345,1365.269978,1390.918903,1526.191996
1206.32945,1248.108652,1304.486752,1312.568306,1373.493182,1401.639913,1436.893439,1464.555167,1595.51509
1265.923664,1304.811763,1354.141417,1360.24603,1414.969756,1439.66053,1471.090128,1506.912822,1626.562917
1236.223766,1279.005771,1331.359972,1341.129607,1402.766106,1431.977133,1460.946358,1501.981672,1613.104088
1351.088894,1396.003068,1442.810357,1460.556724,1513.474122,1538.085013,1565.225693,1602.270242,1706.075992
1394.055081,1444.506698,1491.317726,1511.75117,1572.24743,1593.432429,1625.48304,1656.264845,1771.549658
1357.032101,1399.137557,1455.488321,1474.557425,1530.985839,1564.403784,1591.933361,1627.117227,1721.743306
1250.249034,1299.746311,1364.495478,1389.464174,1452.187537,1487.544596,1519.495857,1551.441593,1649.420697
1158.496991,1213.91036,1279.691733,1311.589817,1372.565265,1410.510955,1431.616318,1462.567987,1553.695079
1009.834153,1072.526395,1151.36752,1185.727217,1250.012639,1295.022323,1314.561799,1337.655962,1426.476727
1010.805097,1082.478747,1174.191769,1213.305539,1272.388817,1319.878852,1338.162609,1347.357552,1429.72347
958.9805573,1040.769829,1132.179847,1170.514711,1230.758904,1271.817402,1282.403326,1288.610109,1376.447037
849.0043553,936.2091949,1032.953441,1081.1855,1148.46629,1196.54652,1202.592183,1205.474918,1292.298463
835.9076922,928.8016994,1019.514381,1060.254833,1126.300707,1164.995356,1166.0747,1167.012087,1261.980206
723.9423427,818.1502571,909.2731071,951.8821502,1024.981262,1066.824639,1060.174829,1070.691914,1162.574189
819.2909521,908.2072287,1002.92353,1051.002215,1108.360753,1159.389699,1150.656444,1142.889822,1222.234362
850.9366657,951.1692325,1048.806827,1094.507453,1167.737805,1211.898367,1202.914946,1197.566039,1289.546204
988.9714205,1086.685716,1184.292937,1235.381643,1296.903066,1344.075,1334.29201,1322.341369,1401.427133
1162.188355,1249.805294,1353.673964,1402.502993,1455.145585,1513.158603,1502.778427,1490.582909,1543.368221
1209.9357,1295.986593,1392.716181,1435.359148,1497.215743,1552.138857,1543.178783,1541.088269,1594.260922
1344.58528,1420.629265,1506.963812,1550.386339,1606.59853,1664.63446,1651.885745,1655.336406,1693.228632
1398.361094,1477.097179,1562.238042,1610.644419,1672.182892,1731.511943,1716.427264,1723.216469,1756.108267
1464.73129,1544.486075,1636.901788,1683.605297,1747.133167,1810.454206,1800.467864,1805.501015,1827.102045
1204.954057,1254.008214,1314.160032,1321.878375,1397.695968,1424.026262,1449.249591,1476.786197,1630.978492
1260.90685,1299.574767,1360.236474,1370.01987,1426.363816,1461.351398,1489.238438,1515.044597,1639.267532
1293.075747,1335.2356,1390.556866,1400.061279,1463.82335,1492.716613,1520.789616,1550.166898,1679.871149
1386.508508,1431.274344,1494.906439,1503.696703,1563.079834,1594.062511,1623.759523,1644.554803,1765.888221
1353.556522,1399.114756,1472.498047,1480.540441,1542.1249,1579.687949,1609.786439,1631.820992,1741.47832
1370.27086,1417.14494,1482.91358,1497.327296,1563.923563,1598.544148,1628.310296,1654.125826,1766.167635
1388.839936,1438.881471,1499.442637,1514.301918,1584.639366,1615.206592,1643.081314,1667.324684,1785.94457
1395.436856,1447.412328,1509.899507,1531.797006,1604.448846,1638.938653,1664.238943,1689.373442,1799.976312
1448.164764,1498.198577,1568.192883,1591.173574,1651.357225,1693.097226,1714.186282,1733.958821,1821.80446
1439.896571,1485.596,1552.431403,1588.471483,1647.348417,1698.368836,1711.487657,1734.767895,1807.898532
1455.49327,1507.657922,1576.347833,1606.307527,1671.112703,1714.654287,1728.280354,1752.873669,1830.564569
1402.784235,1455.957367,1524.669763,1559.092715,1627.472844,1672.792401,1689.015284,1711.368489,1787.93939
1390.919233,1441.6047,1505.504583,1533.488387,1595.934997,1638.404766,1646.012505,1667.173615,1744.005124
1304.410896,1350.171804,1402.948318,1433.035526,1497.470871,1541.500234,1542.763538,1572.054769,1645.676207
1252.506075,1304.699407,1362.444382,1395.620514,1466.095313,1504.93349,1518.661293,1550.400612,1628.622789
1230.951955,1274.792106,1344.374624,1382.93347,1440.8286,1496.341789,1510.43361,1538.551027,1587.51784
1297.935537,1356.038776,1414.513154,1461.368551,1522.289937,1560.179364,1578.538604,1604.448457,1668.944644
1300.244534,1355.411825,1413.817804,1468.702705,1525.863607,1572.329484,1587.282241,1614.581976,1662.209709
1323.950034,1382.884434,1447.359424,1502.298895,1562.826342,1611.89254,1622.777239,1650.925078,1692.074858
1313.205456,1375.683192,1442.441199,1493.766394,1557.229031,1606.631752,1614.116082,1649.722348,1680.724036
1402.9966,1464.831367,1538.031321,1585.814115,1645.904105,1700.118655,1703.494885,1732.929654,1753.730696
1419.988432,1484.55732,1555.018344,1604.18325,1667.148244,1718.634373,1719.788983,1748.104968,1773.697731
1445.746568,1512.053462,1583.570422,1636.968911,1698.592808,1752.124599,1752.268648,1777.035022,1797.135509
1480.809121,1542.708648,1608.789166,1665.168069,1722.483731,1779.220594,1774.36815,1801.256114,1810.899387
1165.936499,1189.166453,1235.47257,1249.561168,1312.903022,1343.505611,1381.812292,1428.358486,1557.79671
1177.161632,1203.479006,1244.434542,1256.182983,1323.266581,1348.917629,1386.464956,1429.787366,1568.977648
1197.124035,1223.977608,1263.314682,1277.602364,1345.269274,1370.938908,1408.650632,1454.154156,1587.676909
1223.999878,1249.266462,1289.008923,1306.235788,1373.070206,1404.08178,1437.173212,1479.587032,1605.545742
1216.445841,1243.877888,1288.446054,1308.562994,1371.582459,1406.751184,1438.274691,1481.182399,1592.907462
1268.371315,1299.26513,1347.632534,1368.801174,1432.77505,1466.762037,1502.648269,1543.946652,1651.013405
1283.25439,1316.275024,1366.795815,1397.911284,1464.180992,1503.07498,1535.151618,1578.931514,1674.43968
1255.363649,1292.202117,1343.450583,1372.672476,1438.296027,1475.231498,1503.388151,1549.151515,1640.869477
1250.473659,1285.392914,1341.155667,1367.07177,1430.835007,1473.239482,1502.223204,1545.312492,1625.655736
1263.835752,1300.680335,1361.263312,1392.323116,1453.445031,1498.60848,1525.499553,1566.860399,1636.561212
1267.659623,1311.384435,1373.299814,1403.939787,1465.865778,1507.460299,1536.806303,1573.424215,1643.072391
1197.892235,1234.979275,1286.963913,1317.268871,1380.79889,1426.430282,1445.812022,1491.388566,1554.569808
1176.540173,1215.631711,1265.827971,1289.245379,1354.278725,1393.63603,1412.65898,1458.309476,1528.18625
1187.319463,1227.703439,1277.958739,1300.446302,1359.903607,1398.644473,1419.17835,1454.855048,1524.329835
1171.547812,1215.724614,1279.455124,1300.826612,1360.524565,1404.899962,1429.916646,1457.701443,1518.980094
1225.229922,1271.570088,1336.573812,1370.409933,1427.61816,1476.750141,1498.887142,1523.695083,1572.505623
1239.636393,1287.674971,1353.972102,1389.627981,1446.606618,1497.042177,1517.567418,1541.433762,1584.644715
1244.897222,1293.473793,1356.073665,1392.953887,1449.965129,1502.75164,1516.195291,1539.666212,1578.731088
1229.435493,1286.415054,1347.698551,1389.451271,1453.351078,1504.536973,1516.017254,1539.229906,1580.590486
1304.751404,1365.48513,1416.131531,1459.303693,1526.459055,1568.897626,1574.034582,1601.177672,1650.810104
1349.718125,1413.070528,1465.452564,1511.135066,1576.607312,1620.871574,1622.738797,1647.745347,1689.358718
1353.901048,1416.379229,1473.710473,1525.305802,1588.83319,1639.994583,1644.260081,1668.030395,1696.02021
1381.366549,1450.027893,1513.612342,1566.234002,1629.413131,1679.54247,1685.776968,1706.042923,1731.015824
1417.583402,1487.240062,1560.817943,1610.018643,1672.848109,1729.647677,1735.958433,1750.141361,1763.310614
