q_0.40,q_0.42,q_0.45,q_0.47,q_0.50,q_0.53,q_0.55,q_0.57,q_0.60
2365.9019506339755,2307.1119511996994,2311.854435162024,2304.907263564412,2301.887047612967,2273.114257245692,2273.114243414264,2241.1941223992035,2356.419921308756
2326.162819681762,2308.4306825181848,2302.34008015781,2325.0080015236235,2391.1260094339086,2403.2809447084146,2403.280946371844,2404.877071078714,2406.689285561937
1718.8242775502586,1728.21297077465,1731.6791702589471,1840.293848657468,1875.9963651475864,1879.332598243287,1970.984486986032,1954.1188890076155,1956.7333066721912
1744.805522620678,1756.2388086679855,1763.3307047229027,1763.775519561059,1765.1713761601568,1765.7401676419904,1773.761027146491,1777.6465954770683,1775.8536043604618
1617.7831416726112,1664.0073845273582,1662.1905133075488,1645.224219698881,1648.2690254293484,1653.9508911139355,1654.660916180219,1655.072349056085,1664.7923171222792
1517.5728032158368,1517.5728105145245,1537.2748390556371,1552.1382425508343,1570.463602954871,1570.154681989312,1570.1546856359455,1610.574617236969,1618.467670330865
1452.2703956218938,1414.1262318403678,1414.1262316700304,1413.9818435904162,1417.0294951455437,1443.043035136994,1467.6520037212758,1464.9216682496408,1464.9216680189566
1447.4154608120298,1466.7953448186818,1473.974147687084,1465.8207539596915,1457.468133810551,1508.8982307870756,1503.5206146172477,1506.1029526330603,1524.8997057946035
1351.0691194666724,1346.7814239524305,1348.6045848869471,1331.5660101211706,1319.2879202351903,1316.5535691811892,1320.6266275791531,1326.8149312046444,1378.191365718667
1454.9144670029636,1453.9118786779145,1469.0408492822753,1464.1774739569191,1455.048182799488,1465.176515417057,1468.6140783222218,1468.6140793870436,1469.4870983169094
1525.4144537986977,1508.085021027713,1488.6300698883315,1519.4171143900603,1523.1397476233542,1488.9204353505484,1503.4318468476995,1493.5267287060124,1504.4962728204991
1635.7912500705424,1653.8785816109155,1657.6373095084564,1700.012782971622,1708.8406854259374,1708.0114672015698,1726.456456230953,1720.1146139780758,1726.8875809479505
1750.2923691379765,1754.6732841689957,1751.4527318286418,1731.168800989748,1731.1688294393823,1836.4521620770536,1869.544135747623,1869.5441357203235,1923.325782739179
1799.457363824331,1815.9304834401128,1832.5852900672471,1831.805682345308,1791.723984740296,1844.15265760884,1837.2650139709915,1848.492747561375,1896.324602393739
1643.53959628116,1647.8575490731746,1633.2503270593445,1635.663818355246,1665.9906433683143,1709.3926437736372,1730.2397838518357,1750.3243894231346,1766.2432731960398
1424.9622131421056,1414.7437316588475,1423.298264956422,1524.5527982711792,1475.468820939241,1425.3278808654286,1435.48846831637,1435.5375225529351,1473.8358584245907
1533.636776149273,1563.0058469735086,1553.7499247416854,1546.6362540352277,1544.6417834162712,1545.2521430114575,1569.784451789048,1567.9504482000775,1567.9504480169708
1380.2898873461,1380.2898895705605,1432.74816579232,1458.4866661485285,1457.784892929929,1450.3748748087964,1475.638500965346,1470.3522182798188,1472.1959564510016
1365.7199779599905,1263.4286410808854,1264.286029157549,1334.8432556365317,1344.237847137003,1359.4035001182929,1382.3926097529038,1377.6823136051244,1372.0148615568614
1446.7895618494697,1439.4213637203793,1437.2178310017116,1443.290087043868,1445.2313571552022,1450.9109625730198,1459.2000581232278,1459.386756867083,1455.958916082658
1526.9102340191455,1524.6972660327249,1537.429160602489,1538.6506445075393,1539.2866689555376,1541.2132311814348,1540.4640948527283,1528.5844564836589,1539.6597180204335
1586.7363217679012,1580.3593749403954,1624.757912600864,1627.1025196513328,1640.9373384636235,1640.7193866401794,1641.7361283837236,1591.1937310993671,1558.9089037508238
1534.863837965895,1520.2003554821313,1607.106781817973,1525.1043724213089,1543.4272208843613,1576.236737087369,1595.8459078669548,1601.782542271365,1606.9400942231005
1633.583952106681,1703.7648719273056,1708.8488307683783,1738.71707286727,1742.7884023613606,1752.5738400608343,1770.0125664595123,1795.392615380286,1800.4821571549
2074.249440897104,2078.076158642108,2080.4935565303117,2079.6079405023484,2075.687445499938,2039.8792531129257,2039.8792473620488,2012.786952894996,2106.824381798506
2077.838389899174,2043.0567921126203,2030.3879416834243,2041.2421366191395,2117.0737638306746,2138.304715836013,2138.304718608735,2143.2065857778653,2148.771020930028
1968.77482086471,1970.7610239635103,1975.7534074110663,1953.8482860230688,1924.8059728083845,1919.0091931236968,1968.2323528742272,1985.037290074484,1992.117015998432
1692.2495807483792,1583.3107616376656,1572.7393664843405,1573.3050547676976,1576.786191199808,1580.595139839077,1589.6357275560113,1601.6809549152968,1602.816273156881
1639.0254425406456,1617.0228928696597,1612.7308740012522,1570.0719559088902,1571.1278566717338,1579.8265293589316,1571.988551353832,1572.264173682884,1584.792285228963
1506.4555743476812,1506.4555700695564,1481.1822634780256,1445.0240825873989,1407.643989263306,1405.8154823493096,1405.8154844068304,1405.6768868688089,1419.0855335461092
1409.1622602186071,1339.306565516552,1339.3065659697822,1345.9598050471104,1346.0131951395597,1321.9886847769303,1339.5745314144297,1350.3819260254822,1350.3819246135536
1292.1343725594634,1271.3742757340224,1259.7284400107235,1246.8235472396336,1259.1354172563515,1353.6472593185026,1337.5742867599656,1341.55156918602,1298.59045474515
1319.316238265914,1293.3432840667665,1269.2626660541573,1286.953286838463,1294.8659615765937,1300.9116195818624,1306.7991586969474,1307.7586099086766,1385.2259779495944
1461.4820321892985,1455.853127135706,1473.2434492061511,1472.3883318915214,1465.5499127239163,1476.2467276643729,1497.4062180842884,1497.4062202074128,1497.056213944321
1579.991139085323,1578.339118049218,1543.3260725281762,1548.014664490358,1543.7921743877232,1487.7374111113022,1474.2364470850443,1498.2129403901345,1476.9058067503938
1737.096962334952,1764.87612832179,1763.5901535427256,1765.001561151279,1754.2363638850147,1748.2805727280356,1670.0621782653034,1705.2557068609167,1698.5614463742822
1745.1035041513533,1745.7657882543572,1733.147440078974,1750.704908098989,1750.7049495862157,1847.8812513115845,1870.6089488961588,1870.6089502282848,1899.2271531308725
1827.6149332528585,1853.3023264902213,1831.514069935918,1831.5234217565007,1866.8640801146105,1900.6153041007676,1907.6243565262885,1918.0705168103325,1961.412063942364
1901.7389661294,1917.5182543303815,1908.537641616931,1905.2221814363293,1953.438771182161,2004.682562400354,2009.2113464100369,2016.948572007197,2026.052429591742
1986.6892690925745,1986.1628260982689,1988.6659211948356,2001.330328822136,1984.8996447246027,1993.6287943921925,1987.622721412212,1989.4562463147088,1998.288637467227
1823.430008471012,1863.208148635924,1856.0323829948904,1838.422774652252,1855.7664810717104,1849.649780597596,1852.395058332273,1847.4081276767972,1847.408126450362
1746.6622536969153,1746.6622545893915,1786.277853962034,1785.2278936523944,1783.8805284553237,1773.816066256084,1786.6497904157295,1774.4692019704962,1776.5159480109196
1808.97266484797,1597.313723178726,1598.1300208441098,1636.0253244283697,1624.7604504243063,1653.258254905697,1706.7114587335236,1702.150413653726,1673.2473503943183
1677.7219482511937,1678.255353651999,1670.73286500408,1653.7626898660092,1649.785587066879,1679.713777300418,1687.084734407952,1693.0599944933783,1695.4984430892218
1721.598053069349,1722.719312844696,1727.4966944319422,1752.630846305743,1758.2232431079174,1762.002250108868,1766.6511174390837,1768.302932574632,1771.4567597394052
1603.910430957876,1687.035764992237,1734.9597137323872,1739.9399983546937,1759.9213818231074,1743.00508055932,1761.863553254807,1821.213856017217,1806.155735345332
1768.6078511590458,1778.618751866652,1818.0828001648188,1814.214697248528,1832.2440434479213,1834.600035816431,1859.2106544971464,1905.153946025821,1925.30649911856
1790.4283694136611,1919.73688201014,1920.4486862940985,1996.134505152896,2001.927603976248,2006.120830785272,2041.0692348140165,2083.6356904140684,2095.4466424948487
2368.501312979286,2327.887433393201,2329.352308736541,2334.435642440046,2357.933166387364,2341.967770785599,2341.967805349246,2340.717655109125,2272.875191807747
2143.519591567383,2145.653441678107,2160.708552468088,2163.643147959154,2258.9391167774265,2293.8500908591086,2293.850095031172,2307.2808839478166,2318.8444056112494
1789.9542467739811,1798.0353232631533,1793.6770963513045,1872.341357339068,1961.8447431578988,1965.0334856744448,2041.808515008321,2009.4713891431893,2013.636298114012
1769.6570028290153,1778.3938330912206,1786.1011319096433,1786.222766980034,1783.91373791351,1781.0625501545746,1783.945233204573,1779.0164114112267,1773.1592782188309
1499.2179673314097,1516.2735638808226,1515.4342695510422,1506.6786637335465,1509.416524905635,1527.0428433550078,1526.8753445308685,1526.0829650857258,1540.5049538870808
1276.9487166142644,1276.948719746877,1304.6621660458695,1327.1665685706612,1326.6645563243364,1327.1252465945436,1327.1252608998366,1373.2712412931287,1380.9958882434294
1353.4843507196565,1351.8646075671822,1351.8646078578968,1375.123757491354,1367.7519743705052,1360.5548231885114,1329.9420678829192,1326.7631796421847,1326.7631796219066
1217.156099309068,1203.70728581633,1195.5473446565957,1226.0020999918925,1251.980489349975,1272.9592530421796,1266.72983132031,1270.031903519528,1251.2969226045898
1120.192856706024,1095.636666920036,1100.1678882450287,1121.7284133357534,1122.276866471744,1123.7110211472973,1127.6249746094509,1139.6443388686312,1140.2677469432529
1120.0718166434235,1121.2393967007083,1126.0653694812572,1129.791139577832,1129.695960542238,1136.1309359736042,1172.6332651323464,1172.633267535035,1176.9776185642186
1211.1574888677717,1204.475306832028,1213.0264757209552,1191.4251458391082,1184.815894011408,1201.7755209905008,1229.000774622342,1204.3857301378305,1219.46095127023
1256.2443578448874,1253.5462952347443,1265.3468648679554,1261.670452880542,1258.763846457863,1257.9769538695837,1209.041754949838,1233.1579857582692,1217.0787773672491
1437.898294905026,1442.7998663562175,1442.3389969030975,1448.0181271992478,1448.018163345754,1529.3056327029335,1553.9394758547132,1553.9394756385882,1589.4925441991145
1582.8313299537697,1580.8897023478175,1575.7762570089544,1568.75347837132,1516.6919271197985,1586.1474755592972,1571.1204912172216,1578.5969334797828,1617.2285542430036
1383.3501319597708,1389.7512108888477,1382.240274390715,1380.0421549475686,1412.2538040716936,1457.8479012810858,1464.2045949128697,1470.5416180567845,1473.2532284713416
1165.2291607370717,1154.5170807714458,1165.4611499450257,1242.7061984539032,1157.5229036794044,1136.770725268434,1142.0944874530414,1146.388045849926,1165.1165612084187
1351.1174141019585,1305.680254355073,1351.3323410451412,1316.03877899504,1370.5344999581575,1341.1820536399027,1344.609565011633,1334.5888239014748,1334.5888201068592
1150.9382292914795,1150.9382264319738,1154.8373602950014,1171.2429574560374,1184.3858596222635,1165.9549924668972,1205.9026993189182,1187.2627501972893,1181.166727953796
893.2985518053174,854.2752398537123,854.7562433231215,921.558087168618,939.986645539204,947.2511871943716,952.9223161425944,956.4765915755852,970.7016130575504
1022.440220792818,1009.238655670546,1013.7829784924032,1038.5955198378217,1044.809106505341,1034.9489030174557,1038.8460360458555,1034.4591805278033,1026.6737721439204
1078.0780966307284,1077.290573408829,1099.1474466177824,1106.4090373200852,1108.897463293877,1133.0929876351147,1148.4030996626334,1132.1926234488928,1161.7340305177097
1200.6987087135567,1184.2561872005465,1236.6521717349824,1223.4920267889538,1233.045013921046,1242.161741039985,1190.725391596614,1148.5728365201503,1150.4944714528974
1240.0990582568193,1235.5507356819835,1298.5279028713703,1245.4853481426544,1255.229766500037,1295.9317924678326,1298.833918750286,1287.1755631274427,1314.3485201593212
1224.7916524816392,1257.896570586894,1260.2344642256176,1265.2236172987996,1264.1772079324146,1267.576712603608,1266.9480728875442,1259.2608498816753,1254.879025333552
1805.127252407656,1753.6215647711606,1745.3279581838017,1734.641296280548,1729.7824248823963,1726.5078077392209,1726.5078200186765,1780.598479686305,1765.8251043856144
1701.7792415141012,1647.4176608854032,1621.420893790331,1607.2678263977032,1687.2015068036562,1707.733761900221,1707.7337643307983,1712.3156759551566,1719.254444454942
1415.105891706873,1419.7802928973542,1413.1305671168302,1436.390268499552,1456.5159876158375,1455.4241003060306,1515.344381320676,1523.7727733399806,1528.5404010981729
1622.445295497775,1627.914881352539,1635.284771369421,1635.5484386704338,1635.7522291566129,1633.307485029889,1635.0885951074451,1625.9685395444976,1621.2583631938105
1382.9520272612572,1438.163493582164,1438.7965749830182,1442.8417462836514,1447.4350385307152,1458.8159562279488,1464.467393543222,1465.021617290071,1479.7216447833923
1349.6587041589955,1349.6587075466232,1364.8025166785665,1382.4903061295554,1410.15774389758,1409.0307781911688,1409.0307805438424,1457.5912611265958,1462.4424683987454
1274.2344386757686,1258.9507254337004,1258.950725885341,1262.9507190744043,1265.7071784679429,1306.8401542070133,1347.0335226387251,1341.566527617157,1341.5665291414916
1192.6817617246709,1214.8820915931974,1221.5131255645392,1267.7063892406586,1278.9833367094616,1314.4116716980934,1318.9665577372723,1321.185438373228,1360.9754226084042
1125.3501959515415,1091.7544413469732,1116.7958659567084,1110.0232656503922,1092.829461977453,1099.7880864450017,1104.6785267899868,1115.8456537014135,1071.000121887977
1233.5434236606598,1243.106172825239,1231.9528623795995,1230.6850621497142,1229.206804776935,1228.833765072981,1262.0794296897147,1262.07943121493,1270.2091993543509
1193.4338335277607,1175.9758429685023,1188.1408065708963,1194.8281102926703,1193.434260070324,1233.2433942504867,1259.9871835353697,1225.2756218119755,1253.6794849696598
1306.1457667920622,1301.3701466607165,1325.8029871908657,1323.862590009623,1328.9494790965182,1331.3961518884316,1307.027758937329,1297.3069847022416,1293.2885256819427
1401.1003045231628,1400.8959595613414,1402.7246763970616,1428.7429852756975,1428.7430186612764,1513.2284251536184,1532.0413302419329,1532.0413296757033,1580.971201471235
1558.3367163015064,1565.9404386713895,1611.969530328206,1619.8223087017832,1635.219524080283,1667.4931173890036,1672.971167077445,1674.8553895627683,1686.9728920029593
1600.3243936520885,1638.9293537437916,1627.8691787774003,1633.2080470654,1684.8624646300104,1735.9787665121255,1749.2227591461324,1757.2499689159667,1775.3803966714331
1369.703051649849,1352.2728801604826,1359.493189365603,1490.6483744382858,1376.2634193291233,1365.9915577502688,1382.2367825856445,1379.8967766581263,1378.7949494574204
1355.6642355024817,1399.5834512636063,1403.8363400101662,1274.37659921484,1297.9278434962034,1253.6257055141032,1245.1604741389456,1244.4417476411036,1244.4417471161432
1340.694079417408,1340.6940894760628,1382.191074129194,1394.2388061899692,1363.1821416894454,1374.6535400848225,1347.5077339089405,1391.5703840389033,1399.0866935437498
1378.9826574623585,1271.7078845248034,1272.5269075996184,1293.882973837587,1269.8514201100625,1258.6893896288238,1284.3193857238657,1283.3499874639965,1281.315932036654
976.470402351697,981.6321104959934,985.1704935499512,993.579353167952,998.8595086288952,1025.7154750080008,1034.3844944253506,1050.2158329417289,1062.610473864901
1210.574783294505,1215.0045268877257,1221.953960628207,1230.481025125675,1241.4943230461358,1237.5605475797202,1237.7018916703,1233.7013152520883,1225.3468139586655
1528.227659361357,1525.1357867717743,1521.687818962149,1506.0263695118374,1511.8566942057605,1523.973365547674,1556.2330969221075,1546.9642604477704,1558.8650348641968
1513.0829319273323,1492.500956225671,1530.8236633241177,1456.9959520697012,1505.6896111824026,1539.8509448170662,1588.34720569849,1566.4711721316562,1573.179734762678
1751.154989666,1826.3526518738652,1836.4720797789023,1877.532646530028,1881.529211398727,1890.673590144448,1886.55407923034,1926.503752417604,1925.0024409180803
2284.6427958334607,2308.190144397732,2299.1037574557067,2290.1140980275813,2280.627866548548,2259.381864407176,2259.381862323334,2291.5596460363595,2367.796674787998
2141.9643824194936,2129.484800880265,2118.0125422881247,2131.9666975196724,2200.2930560031928,2218.1181793784635,2218.1181818705227,2222.2143731221768,2228.66089892757
1801.4759965773264,1807.6698586237908,1811.4364916509585,1810.63045142026,1759.7727909386758,1754.769423364458,1807.8263872373643,1823.2266479859536,1829.4234721817336
1714.781411021948,1672.3152875779488,1665.6318882727064,1666.1605138869854,1668.918409736827,1673.8958057265645,1678.9988773704426,1682.1571660550544,1680.812852026087
1574.1656051278114,1587.801366188447,1589.769417947944,1610.2408086893556,1614.262989257164,1625.3891248930518,1629.3660955527305,1630.6402808010662,1643.5319686189175
1497.1167251495208,1497.11672112628,1491.7050235741551,1491.1510334750346,1482.2182273925573,1480.5332268391503,1480.5332284671058,1531.9001035117835,1554.033486910601
1416.0775900137269,1390.773500109437,1390.7735005104987,1417.6177172502212,1414.3976682179782,1446.8443282169685,1443.8911903284609,1437.8586495181737,1437.858650037073
1213.5486859131925,1200.0561877875916,1187.097984974171,1200.4487441105302,1205.1368864083124,1261.7828891083482,1266.2742509620748,1262.176932286107,1271.4167405546104
1268.1494440743772,1264.4525873921812,1263.5832368759511,1287.9333650870649,1293.2545674070716,1300.587071135009,1306.6577497611688,1303.8684530793544,1301.203193238296
1282.1034301599502,1283.165830260259,1294.664348843893,1296.7162710590635,1291.0666588182503,1297.4867244411726,1306.4957263708056,1306.4957272677566,1307.7344569586712
1237.5878981043388,1231.757838120393,1239.342731233406,1202.703109473572,1197.6107644960284,1217.497755472417,1219.6175430971198,1215.1890793349448,1219.532660568293
1438.3789680376794,1452.57469309133,1464.0132119662012,1452.2904191952694,1446.76422549953,1444.6585499036955,1368.0405393671244,1386.661673600669,1376.8045086041093
1486.4978806120998,1486.5204268862435,1476.2449582480476,1491.2577862379549,1491.257829748065,1577.0071031009284,1607.125612676784,1607.1256133950374,1657.543486738003
1703.4327036501782,1709.6280615002552,1711.6442165205372,1715.6127760693198,1799.2220125608146,1805.0984332676016,1821.71503138612,1821.8191915483403,1811.8249322670165
1686.5802324223914,1705.701436901465,1692.283419468542,1693.8033671627236,1737.8288645091015,1785.5893408657869,1794.3514327436042,1803.206561805222,1827.835549316911
1481.5676997976843,1466.1158860083087,1476.3964611103656,1634.26194190979,1515.8781800750369,1498.654361581779,1508.1461950490857,1506.3725674729576,1509.1454447174365
1649.9342353492975,1721.9221136420963,1708.9900806695225,1627.6631759996965,1648.869473323226,1624.8697083234438,1622.3080996936478,1617.8077190516196,1617.807718054144
1495.7107076398297,1495.7107132279834,1524.359882499091,1538.0933927278966,1531.4084000246803,1531.0629629592731,1529.8074220746348,1545.6155379159318,1549.0292934753595
1512.099602766335,1388.5958397340437,1389.2428424897953,1430.3587424105365,1423.7313729853777,1431.2491773117215,1467.4889983364192,1463.4397692719213,1459.844520050057
1434.2400888163284,1424.310303822771,1409.6030394188963,1392.454512076336,1381.8874174092634,1386.3936522504046,1396.8915074665856,1394.0318411760963,1395.3699490436702
1502.678033392971,1503.3289541497195,1514.1022096061206,1522.0630845636442,1520.8364891089295,1518.075349042716,1514.2361569579753,1493.5126034644854,1491.3242143656862
1652.9927189603986,1626.388069212437,1569.7156105981703,1571.1149388014785,1576.9636243762689,1591.8831455931577,1612.42988669622,1648.9264396112412,1649.7436172505986
1424.9920835044031,1400.811418917339,1438.583128914237,1378.5875177247945,1416.1919464281818,1422.060662433505,1490.73105853796,1520.7929074086132,1503.240319023018
1628.085751050654,1676.5914050729589,1680.5300543022122,1672.4083058062215,1674.7517424345117,1675.2104533020502,1659.0980767695,1668.3410862741584,1661.7207890886466
1842.3437747626813,1977.7784672509,1981.2410321955197,1989.9436757967924,1987.1512199874635,1989.118444282616,1989.118414006989,1900.4042189766187,2087.5704916119576
1832.194054985419,1898.1454017541253,1925.122387421172,1954.163203940485,2033.3123052426165,2048.0564175025647,2048.056419168453,2050.919666292375,2049.304971294317
1674.3744288154994,1683.9993175174895,1685.6882465756426,1781.4498019670243,1751.283952937747,1751.7812866806344,1793.320340744911,1796.361815419179,1798.226124520661
1538.5211147293448,1585.8087686506915,1586.3455475376686,1586.730865914149,1588.3140872420736,1597.068007890688,1599.9400596218984,1603.3972151488997,1605.0426083556597
1488.9937683939934,1470.7636831622804,1473.6009095121117,1506.706311139089,1507.9053616036945,1510.0867025495736,1509.4488862417347,1510.4283912871415,1513.515255614242
1440.3281294944754,1440.3281314010892,1460.2174092876594,1456.4588622330411,1437.0896949905143,1436.9348544380337,1436.934864793111,1475.9976632581674,1504.4106674115174
1294.1093545985495,1267.0874026864258,1267.0874033430157,1264.8388218483306,1265.8340233920317,1312.597826498437,1348.6182464779122,1345.9570656203068,1345.9570672165282
1150.331418661357,1128.869988072198,1121.5926993120663,1145.24813762783,1179.6613347741877,1281.2506679582875,1311.2154619557132,1314.1355318869682,1309.7435804425768
1196.2579033179427,1215.4476668201387,1210.3718291220575,1222.7803117323,1230.9462416663446,1252.1880455755,1256.6587263568836,1264.1225655657909,1272.075473149598
1147.3101231301553,1147.1734328851162,1148.9992923052196,1153.4434780777483,1154.135375326572,1159.8784495315049,1173.2791645792386,1173.2791662893214,1171.8585447780424
1047.7254416326068,1042.796828056511,1067.9985396601369,1040.668982932344,1031.8096578419209,1047.8324371475028,1074.855684697337,1049.605120887369,1071.2970571920596
1173.6329782226385,1182.8722482509477,1203.480041182047,1200.993014335094,1195.837998020339,1193.210585528941,1126.6520779170096,1152.453847520752,1145.7463362030685
1254.1269454815556,1255.161117203097,1252.4978819647658,1264.724001331946,1264.7240380357543,1351.9279091559292,1383.8094537698344,1383.809454782866,1417.4437297169495
1375.0721257640398,1371.136884000719,1383.8560027136118,1382.7525467938394,1359.3313208005566,1443.4137372003242,1435.7813095543606,1439.4537972630242,1456.0205975097924
1346.180603663117,1337.3201894648373,1323.199366479661,1320.2053078017923,1344.3708104413072,1388.61461447482,1392.705329309205,1395.9987028156102,1396.4467473615732
1108.1807387941808,1102.4008671777556,1104.578794164896,1144.0647302865982,1112.7545792864769,1090.1531712657015,1099.8829588666513,1101.860962387822,1128.4536541091948
1078.0141140520573,1115.210231743753,1122.687317982316,1124.2460786136871,1150.472393900156,1145.2943929939647,1188.641619414062,1183.4404561351255,1183.4404538452943
960.3266194766549,960.3266197028352,1008.73205335252,1030.341035477817,1033.7289467529044,1016.9907330674904,1043.1370708730756,1044.7201019009808,1041.3853399326615
753.2018253356218,736.0891168009257,736.8312007736531,795.3284837741176,795.7434909608273,800.2261533185956,823.526809099294,825.3244758150395,829.6527232502413
741.9133468127038,719.8184029901458,717.5653252393859,736.1549838237697,735.4992554691635,747.647280756788,751.3718488656741,750.8795713033178,738.122933404542
757.6338776779012,760.5138479472153,774.3598593573788,803.0257235126446,801.766230324065,806.5645406506956,814.8851059741592,850.1422848744842,870.9072616927151
760.2350659087606,768.4898783564568,784.2330315055442,764.8002431897585,744.6051093397618,769.8622517611584,830.4605685173883,757.2884819433093,810.7247130006508
861.1621517367166,868.7551430691492,774.8824870809913,820.1477975838716,852.0478374788072,818.5427317619324,779.3754702806473,795.6450629182509,815.2427732883225
989.122108658361,1080.4335440290488,1083.6350295742996,1129.285656645931,1129.6519164431866,1131.1525710908863,1160.504019201173,1178.1979734743545,1195.0053505612825
1497.7257584581748,1455.2508529846664,1463.9972929210217,1461.57042779302,1475.3130083728356,1464.0139771682188,1464.0139880918869,1435.1348866355838,1472.6595751047134
1434.8710539225576,1392.5923180018,1381.4822326545982,1368.7200657359665,1457.41370796732,1476.5631345456932,1476.5631384510198,1487.3572010789612,1494.030183918876
1151.9798681546818,1156.2671075247272,1149.5991594142033,1185.9622976262144,1174.0005181531178,1171.5723779769903,1261.2724721115956,1264.2687413916285,1269.320430072752
1365.9256193339825,1388.5152993615484,1398.9066944719525,1399.1762712204072,1397.5417973042422,1397.928384350209,1395.5105726575675,1384.0173873782624,1380.099751162088
1282.4015758633614,1323.7490129874786,1321.5226337961794,1295.7965766855923,1297.3934225103076,1306.5715062605211,1303.983418809148,1304.1011434677612,1315.9200290965382
1249.9775039095694,1249.9775055666614,1265.6914694205843,1268.3086132466417,1286.518094690633,1286.1428078669414,1286.1428131864632,1304.983327711001,1305.4868216314353
1321.6790720584795,1338.7787988331656,1338.7787994929895,1335.2416958157264,1335.759774453094,1357.605646054399,1320.9836507249274,1314.3785907667698,1314.3785920051596
1288.222455657451,1279.8531059961824,1274.00150926481,1290.0495093675418,1296.2864363858753,1334.066258052073,1330.975500387396,1329.0027493772575,1346.740332095891
1299.6015813307313,1287.492151465267,1291.3750375110903,1318.47674334357,1325.6252050155308,1292.304940677048,1287.2420878114465,1285.904302099938,1328.3105711714888
1125.920552107309,1126.2538241801085,1134.286920139486,1149.5794286520795,1155.552946013886,1162.724886494456,1186.4991796673276,1186.4991816537222,1187.504740069402
1169.421921983958,1167.231805322488,1195.9745184899002,1192.9999511620265,1148.3205708675086,1249.6372728257702,1249.9425899310882,1204.5258243239514,1232.5520607401995
1261.194176815916,1246.1047663216011,1247.6874005931895,1240.9477053397422,1234.8824062748608,1233.7031685747206,1181.3648470044136,1208.65798610996,1195.3601015787572
1340.2040528137077,1339.8840592163906,1332.56625567202,1333.5097966796166,1333.509834259894,1416.2274341359443,1434.2131965741864,1434.2131967658645,1470.147933270826
1377.9823229981412,1389.6797039459825,1392.8530238064996,1379.3551215922053,1445.3750488082442,1431.6138399478878,1445.1181552172493,1447.661144579244,1453.2853744498643
1440.2248871584306,1445.5481604598465,1433.781945735289,1444.8407138696057,1468.7979485831274,1513.3807635739795,1517.2615329691926,1510.100507001545,1508.5113374834073
1072.7816544911766,1065.09645813494,1067.2245558367576,1149.4765405654907,1076.6466777198077,1055.0705451473475,1064.4600320320242,1066.0212787126438,1089.6864488042193
1202.143628448248,1235.3476646728814,1233.668207846582,1223.9847789170235,1262.7337876558304,1257.201453571353,1274.3082162009669,1266.5920986724668,1266.59209620794
1034.4295506345989,1034.4295554705168,1107.3787840967998,1136.3392340485009,1122.1857811581867,1118.4678865456665,1133.6012431114796,1149.8446913890075,1152.1801167266676
912.0989235788584,826.005012345413,826.6810394050262,881.1855671789381,880.8169757191499,885.5987134634051,921.5938141525404,930.6679388615012,946.1385116421296
720.1228914962994,695.8326277695596,693.9523427703825,691.3433278659431,684.9911273616253,686.8568312955977,694.6032491522637,688.7984258514189,684.8415402358296
912.3906118330052,913.7683159346034,923.7115309478286,948.8549892932024,947.528900130259,931.6372066055774,933.940297631032,944.1483012145254,962.2934931258496
993.9917246591576,966.473679602146,945.6595557433466,943.474951095788,922.1200456234728,961.5205129952956,1021.6383655983371,1025.7374107595533,1055.566686160375
1002.8598256551924,998.1745590412138,990.7712479531764,978.9591976141236,999.9086006481376,1007.82044570148,999.5609239339828,989.032359611534,1019.0306248050912
1132.6987672061075,1183.1802312399668,1184.2456561183726,1175.358038868644,1180.4546536875696,1194.1236275912142,1242.8007542264822,1268.3885165316478,1290.7910268816522
1467.0483729095504,1503.950672565673,1504.5141164836475,1498.20227718167,1487.246692098066,1499.938447469645,1499.938436559758,1522.812780377688,1584.2186269760132
1520.2600992404914,1523.20147537312,1518.5245637918997,1503.9040433000264,1591.9299532230798,1608.458485430383,1608.4584877485468,1608.713972030655,1606.3133749207482
1503.004119563906,1504.187030299654,1504.3328479384,1478.8072551316982,1415.7329054712118,1412.389187830995,1491.3508959096434,1503.0569436758087,1508.466385384192
1319.2606992796063,1311.969062123855,1296.1113566241693,1296.156829000298,1302.0159572603625,1309.5281103560956,1318.1165172805704,1333.1928137021605,1332.8382162138803
1337.682164132595,1321.436180416611,1322.242848071357,1338.41117061986,1341.0917046815955,1365.1709628426624,1360.48422261636,1360.4129365120823,1382.0497581206728
1459.6089649990172,1459.6089556958468,1479.7802681844478,1489.9552552076784,1465.5008713095158,1461.9802706897608,1461.980276999249,1497.2257251390256,1524.685762080917
1433.5314646519546,1416.1024426115946,1416.1024436019145,1446.663933913689,1442.1492786009912,1453.4250255053266,1505.0137384884292,1506.2352367725907,1506.2352352790622
1451.5533689103322,1435.280231315588,1421.0472454749545,1439.762263019482,1452.7098256506945,1465.7942308041966,1472.747883224638,1470.437806302929,1446.18615495658
1440.7371611081107,1356.5178889743984,1353.705594846317,1368.6144686387725,1365.5929640184477,1379.6197738728315,1384.9030513492798,1380.4591937004734,1418.2638877272257
1695.4150222111202,1703.5254085392517,1712.1711406826216,1710.9294979210208,1704.1911645313155,1706.217037524213,1732.980560106691,1732.9805610549083,1742.0850700066512
1712.181066261608,1690.7708833658835,1663.169983087344,1682.051011054893,1695.3714218772948,1685.036255034356,1720.2566596425313,1708.8417523885728,1714.0763413774985
1934.5951478101924,1974.822021138956,1984.6870497510245,2024.405081511053,2030.5628809584668,2027.283686134804,2007.193253476173,1999.61448781332,2002.8139127381144
1971.2281230715307,2009.319506319036,2014.322437816256,1996.54008664142,1996.5401288540745,2073.788675494172,2117.02550078278,2117.02550027697,2185.885602966838
1969.990944161196,1984.927111187174,1955.80814107912,1951.7328102072497,1962.9153387467811,2018.3101790932235,2012.2105544629703,2021.4478642101512,2070.638015796554
1835.7113713011204,1826.7255367729813,1814.0714985737432,1802.6009831689807,1840.3766189380856,1881.8195933530224,1877.478438557964,1888.8684955536955,1900.9466242374183
1652.7439261148102,1654.8874393593287,1648.926232525293,1717.1618260145187,1676.6746007844486,1691.3421367538394,1699.9169547346864,1699.617473860817,1722.6298041506889
1666.8633319735527,1645.512771435082,1673.2541971057651,1595.6077128680115,1644.3573524355888,1606.7280806404017,1611.4690548241197,1607.5889571131263,1607.5889546710969
1413.020378546702,1413.0203816886642,1449.3799681272358,1471.1802251264453,1467.805876167018,1455.9956805384863,1470.113503822955,1470.8196120826178,1469.7413024206253
1430.6704063341022,1287.5683032419763,1288.5629717624688,1338.9107922167914,1324.7095025651215,1339.514309126767,1388.1326700286843,1387.2449338067963,1373.2454753793136
1377.6481147680315,1367.0381205190788,1366.6877338086924,1368.735783365286,1365.2425362881168,1391.4419148546076,1400.680240470465,1401.1230622609146,1386.3151873447275
1450.5850826826572,1451.8468308011816,1467.314958461562,1491.280263249413,1486.8637950502598,1496.363369796367,1501.921755680636,1489.905068238768,1501.7569255912383
1468.522259620724,1466.5916219353676,1494.6639880922885,1482.2400258426278,1488.063677659149,1499.5271081568935,1497.072708539432,1468.8781986236572,1481.9424383813312
1429.4886256544703,1432.396490311632,1454.049493215978,1430.0979315615114,1453.8245254223875,1465.6985386013985,1511.0841551423073,1557.0630871282774,1569.194215065436
1554.801018062717,1640.220605303708,1643.617590055732,1679.1269413013652,1687.284575484966,1695.2304539923623,1702.9838405082885,1724.0411981808757,1731.7723553987053
2091.774014022485,2063.580116240054,2063.2319362669605,2054.4398743272177,2058.9399547890757,2052.864418738067,2052.8644203402546,2046.3580892171008,2116.912340909242
2087.960664018028,2031.849734272619,2004.385824364232,1999.43744147289,2072.65209759523,2066.5653754360537,2066.5653767039184,2065.92194655192,2067.094878011543
1929.193204745476,1934.1948929949283,1932.99801495202,1949.80655129335,1977.114408570489,1978.6970183367664,2074.460193168976,2066.058792976677,2071.152804824669
1904.4489917829635,1972.3249274618863,1975.9886942991288,1975.9788461885328,1977.1148439173303,1979.9350628924385,1982.3669350707528,1973.241788639105,1968.752908201124
1852.951135456562,1899.793017073418,1896.5257709860743,1868.590538032469,1871.7523537945851,1886.0348171265125,1881.2792967420392,1881.181559176297,1895.659446215257
1688.448891886641,1688.4489003616836,1693.5077092613649,1697.9583832606222,1709.1099379172956,1709.145537854638,1709.1455404534245,1761.602707156795,1781.43221834203
1660.5737168915402,1634.2430271819976,1634.2430276801024,1636.046444981563,1637.143389956298,1684.3639691290082,1716.5932264485746,1711.6351662701054,1711.635165857908
1565.4378961826733,1574.364306520176,1578.3957090292097,1590.9263178136462,1579.092241554863,1610.1529107624085,1598.860484562323,1596.749285503167,1669.631180615448
1509.4445708232306,1539.0545989237726,1542.921902957656,1541.9916677476504,1543.6967062997865,1545.7854812898531,1548.8190613762818,1566.3561419780162,1630.1931098243222
1613.820840160486,1615.3894433886016,1626.1840917227382,1620.091180306019,1615.5588488809954,1626.2403344613267,1645.9085881364008,1645.908589441875,1652.163266461772
1710.9673776569216,1690.816773771192,1662.172655141061,1707.013195755775,1733.1916159018874,1639.1610484151606,1641.208936877185,1705.9580970368552,1676.5132523949287
1642.7212612015428,1661.0236090506803,1699.459544089099,1758.2756847794371,1760.8784913944255,1756.268809232417,1743.9319833833724,1773.621760535054,1764.5340551938862
1824.107245339168,1842.2666604612025,1836.272726314055,1809.2792358525912,1809.279280591727,1899.8314829761512,1954.7381086498208,1954.7381096344616,2039.8265104134844
1874.6983756834816,1864.666487160416,1880.570877258113,1888.1498517931905,1913.6367512424183,1954.55032038808,1952.491061181543,1949.3596956573456,1946.8344216330152
1783.0139067728596,1793.3594957683235,1781.5556967998127,1776.028820211217,1818.1909070405743,1865.975495234248,1867.2665369263195,1872.481289943069,1887.89275533448
1617.8754078124475,1610.2412140360684,1614.7795798989537,1709.177544593811,1622.6131814413748,1595.423389434698,1602.9325440326256,1603.4872184155902,1620.216709665805
1793.512676924467,1795.0471452623606,1816.1124808117747,1775.49766748579,1810.8286452442408,1787.1913104646374,1815.5299379789797,1811.771342515698,1811.7713402603256
1590.7518223948791,1590.751828957873,1630.8492161151953,1646.398396998644,1646.9910389612703,1634.916834908494,1635.3812114588218,1651.741846576624,1653.3577278389002
1536.0975321903825,1357.7451880730805,1359.1753111652506,1435.0938868330622,1426.8473754956212,1461.685265810578,1545.860473778852,1541.0940333959006,1523.9483529134304
1548.3776558787977,1545.5818908008805,1534.4664254919007,1511.9636259972467,1491.285957459084,1520.7772373674816,1534.7477742983756,1534.690958257008,1515.4655290326773
1621.550700188178,1620.9407309355065,1625.428322532818,1661.524931793636,1673.1173593125568,1662.0978476442397,1654.8461875169178,1641.280926262909,1647.892574713151
1601.5610524586082,1621.4528659582138,1589.9347311723686,1589.4324089564252,1595.0145515516506,1618.2288332615062,1651.1641365074902,1757.6658213902265,1767.5357721324108
1521.9546052057558,1512.136268141552,1534.38994974643,1497.2715725768066,1538.414954482083,1547.9645902067423,1550.5108460187912,1545.019345564477,1569.9095985260428
1621.3571381853037,1743.4580353200836,1745.1364511084894,1783.37816380996,1794.0238893364349,1792.3125366275765,1765.9401317662523,1776.8886528589846,1775.0474297446535
2050.577722003254,2108.4367761442877,2104.6848820100367,2099.249443598382,2096.478185716609,2076.476984267396,2076.476979384308,2083.998078420991,2156.191587239504
1993.66069030184,1997.526823219494,1992.003123215094,1987.824996481777,2072.0796809593885,2079.476543365556,2079.4765451449784,2081.400369498446,2082.0557237287867
1815.4420638328595,1818.703450976871,1819.0406766953165,1820.231938402383,1777.8073769777784,1776.8412487039168,1864.721924549929,1866.8127095004456,1871.5667204980564
1568.0382352620363,1578.705978470709,1566.5093592044432,1566.5866780288998,1570.3939283805305,1578.655885910166,1581.950435404302,1579.3380898622563,1575.879057416263
1360.6039699912071,1299.605835727998,1305.845450456225,1383.2339025078982,1383.5225107867482,1399.9776500786738,1396.1701493325236,1396.9861839973528,1410.3486203207283
1419.0329311584792,1419.032917430959,1394.3413867418858,1375.283414665726,1323.538175973401,1320.3017059103877,1320.301708201467,1374.1945798063823,1413.721435197076
1269.6907031061671,1235.070007476079,1235.0700082644398,1259.947836876352,1255.5533169583068,1304.1815281410454,1389.6438944194233,1388.688375695332,1388.688375581056
1391.1865428180754,1372.2711011383544,1368.0338463096125,1391.9448336341447,1389.1845638657323,1423.108948045061,1424.2060554383952,1419.2273292853497,1508.0099733664683
1257.7853799408183,1256.4275567047298,1244.4146847411102,1284.55810167623,1305.1562331621972,1328.559030009219,1330.724321784368,1322.5670937383402,1385.9157848404138
1374.4063903961287,1386.406112172699,1395.3198515464464,1401.0689312903414,1406.4800464805085,1413.135748661938,1480.830913798447,1480.8309148742628,1501.9492114115346
1418.1534580759726,1400.2152757192962,1399.1917359012332,1459.9583542526234,1443.5384113788605,1481.4740490362165,1557.1953513981134,1513.5083321284328,1546.2275506913866
1582.9988149407727,1624.024919153977,1618.592407682474,1662.2141758263606,1670.5557404178762,1667.33276100253,1667.5519610345364,1654.2749636428198,1673.859216351062
1548.288311061755,1558.7355895245855,1554.549558498038,1617.166596593066,1617.1666508429917,1680.6019591591175,1691.7908817673888,1691.7908807575586,1718.450535764685
1531.601113285229,1549.1063194155497,1549.7068826329196,1543.8893797482742,1567.4539920055104,1619.921628046075,1623.6872167126276,1630.92189897523,1664.4245443764155
1445.5491426909575,1441.8286649491638,1429.5288890725787,1419.6698827335313,1453.5531307237015,1494.3494051314192,1497.9646725472903,1512.874382436239,1526.1494948014806
1231.0858746857266,1230.2786399796605,1226.9869824903508,1306.35331428051,1239.7223178942731,1208.9831533923862,1225.9536688176731,1227.5587844746697,1255.115200582146
1381.5222727060318,1339.6279137805104,1375.848962008953,1368.660613371445,1389.1012432277205,1374.265700624761,1396.1502391232934,1392.4537893237575,1392.45378753946
1113.9840487522451,1113.9840540620353,1175.286393072456,1214.7374427523464,1212.406825026199,1198.139897306959,1212.9322161557066,1228.5399244569126,1226.922620563626
1054.7607391625645,1010.6794275103894,1011.3582120912032,1051.2462599719847,1044.7606701389595,1046.3216489511542,1065.5065505500534,1065.3367402646836,1062.2537287945595
897.6498202092698,868.5987621301902,876.7031146496665,900.5562875539617,904.6918348179788,929.301383610884,935.7868356719993,933.0359637006768,919.603806621366
1171.9097625079812,1176.47007497497,1185.465131416786,1229.839677433305,1205.989776858085,1192.323871931876,1194.0512053235816,1225.1961889347513,1239.643288080406
1165.587984477061,1153.754128575325,1137.6166355226887,1113.3818935688578,1093.7046575198165,1137.0320378981778,1203.7482842835016,1193.42904991284,1239.6931200586332
975.4382226542656,981.5514756567392,917.67620228976,933.1916995645516,974.1142341428204,964.2900258004664,1012.0394912958144,1061.2875056673656,1073.8674660586112
1136.4661298667415,1211.447636443649,1216.0359864828897,1228.104644717857,1233.1637306514783,1244.433952229836,1255.575891911656,1285.0827796299857,1299.4731612203768
1681.1685120102993,1632.7679461228315,1632.911124117747,1621.7105234393966,1627.0516477547462,1625.3262392804063,1625.3262485148844,1641.574446265353,1678.741695433855
1653.898532011779,1590.1143320010306,1559.906497393138,1543.439864771908,1632.5016153208962,1638.989683951644,1638.9896861164016,1639.6397907713072,1639.9781789716944
1495.591185246696,1499.6043288838991,1489.7025611723584,1492.3552545846724,1512.1434777374252,1511.5553386813554,1547.1876560222008,1543.586108115749,1548.139732256881
1482.6263626664877,1537.9486091708825,1540.5240253671072,1540.6272329679489,1544.1718756111077,1544.6874095897565,1550.5698147336952,1557.9463511682698,1559.3556029793326
1337.377691566944,1364.416992299608,1363.0476171297196,1351.9125323365442,1355.052357648132,1371.309176016196,1366.6786787743476,1367.1472559901258,1383.5659636835337
1294.4110977804085,1294.4110962018094,1309.2785400345092,1295.0863921659911,1284.0477484273724,1281.4353961423913,1281.4354051128066,1335.8098958711198,1373.566136772686
1206.9736994051964,1187.0563900699235,1187.0563914388113,1229.782580362138,1225.0604109226842,1263.7390660151068,1301.7589077277223,1298.2856824564224,1298.2856831100362
1064.1027181895624,1027.7919304046009,1008.533194543299,1030.2405795898958,1069.1594342336102,1201.0231322969194,1232.8086279531308,1233.3133307421012,1185.6920981316143
1171.859039363815,1173.309973876923,1179.1497641931785,1185.208752445762,1183.2123119536554,1212.5153717826142,1223.1855083043447,1234.0617681027652,1221.5265736415167
1215.7908364773905,1223.076396233664,1215.8241569904058,1216.5738042026203,1213.1201277760192,1211.8340455400755,1220.369839396211,1220.369840068961,1219.7952222548338
1259.55769610294,1252.4105396831292,1247.3895319835829,1192.485327915172,1212.7054885700345,1140.3874479571969,1129.5836650815618,1180.245657485575,1152.0928759274975
1317.1021852002305,1339.886363654019,1349.34443306888,1334.2497598100308,1331.6842463069331,1331.1766123724374,1259.8392348699272,1286.0593240585877,1270.1236184425652
1370.405156414061,1367.008064297057,1359.5597761036188,1390.1144171361666,1390.1144500181545,1498.6369634424773,1525.412257821823,1525.4122588837345,1526.540136274518
1554.1341239981411,1556.0477812435538,1533.5468439637916,1532.16690192814,1582.4592527684144,1624.734416130501,1632.036190300132,1633.757421105198,1651.657770211248
1595.9487703322377,1563.4030111022294,1553.1054491187242,1546.884909791108,1567.1005836065997,1601.2413515923545,1601.2211957655036,1617.874043966418,1636.109453324174
1445.0509824740875,1452.4694634967018,1444.364566866854,1496.0955090522766,1495.1042563857554,1520.3456552898278,1530.0983527566325,1532.0206293646115,1565.4362425994475
1611.78290066123,1648.1884292513132,1649.2987115308642,1621.0584416497732,1630.0764176547527,1621.180214786029,1627.6306474700689,1619.6598244935158,1619.659822632777
1267.510669050429,1267.5106735632617,1347.4672645363023,1386.5491833649576,1366.3238306185158,1354.5804044091492,1383.7316686790073,1394.331977535854,1394.831297677454
1263.154496140778,1199.8164627357328,1200.719611037406,1237.4505361083147,1218.8142674682604,1222.0093626796152,1264.7098598750963,1262.2995841895608,1257.2744154906395
1338.3403218340864,1330.6372939192806,1325.4146055512902,1321.5390847919698,1312.1280279622388,1337.220107693869,1348.494589839218,1349.7657510991558,1342.0987170093867
1501.7329378366994,1503.229307339025,1513.4577660489176,1538.7643260032964,1546.4923402740533,1543.579015765572,1540.9992871051054,1516.7790117127006,1514.9788462017823
1534.0506495345835,1509.6194036602974,1542.125197500398,1520.1079487699826,1534.187971301315,1531.4022522591697,1493.7936603771525,1429.9391739852726,1454.7650670069415
1523.6689514235331,1495.4705019543871,1551.0739120543003,1472.5117915598676,1511.6229574163444,1535.8268811404705,1601.8246536254885,1590.7616998933372,1605.2030888700538
1704.706140496099,1779.5945786764423,1780.504134380394,1803.0949875832796,1812.3880060075733,1816.6052019474173,1813.2546248576816,1828.2331523520388,1831.551826597128
2096.056458109328,2185.404922846009,2189.55708284295,2194.6637006852543,2202.4012907318797,2210.4958170208884,2210.495804869006,2133.041674726759,2290.3880770504475
1893.5604156648624,1981.5381631614,2012.3139846076083,2028.649305390678,2124.227439098202,2150.825630945503,2150.825633270288,2157.235937631845,2159.4484745174705
1539.8547672510758,1554.7834788353794,1546.280625789419,1695.456204268612,1730.9319655442175,1734.4214249138313,1774.6133606608128,1767.8592080244707,1769.504374479744
1628.4719132781029,1689.668870006455,1700.0811858995585,1700.4537943073155,1703.1920237622544,1710.4560729394652,1711.201252352388,1699.3643218999496,1695.0383581525894
1496.7844263911247,1542.9449187071295,1542.646159007767,1542.7776224202826,1545.5010939732238,1554.253218558266,1552.3247471814975,1553.0901214129462,1562.4288258494344
1412.7220481399709,1412.7220510555635,1470.0697292142431,1488.3571686302605,1492.6529946205846,1492.6721136940178,1492.6721284677587,1521.5572754811874,1546.3568483598938
1303.8734985167684,1308.4729775196429,1308.4729784464216,1308.8207385807764,1302.826364010456,1335.1392891808864,1374.075181931839,1371.852488595665,1371.852489360128
1205.7885289549597,1158.817415033831,1141.5388545295573,1166.4146946673864,1197.9853508004671,1241.6225284385728,1253.712729410512,1252.3541567996144,1246.9636048832615
1262.2655132655857,1269.1411888562145,1254.8694685034206,1280.0811145679309,1295.694949836834,1309.3435546742858,1312.297146427245,1321.2242206613157,1337.8116975300943
1066.6494134052627,1072.657022556887,1079.0194456730023,1088.9592262176266,1090.6980019003604,1094.3622729964554,1134.423915683561,1134.4239174631805,1142.1466975558287
1001.16510833551,999.648674348864,1036.6926474150168,1001.261242303648,980.4831367582084,1018.1162118151842,1054.741560163835,1031.8380128811114,1050.7146043051762
1106.597185752471,1102.8836808995693,1103.9547297241809,1057.8262034394138,1049.882561549377,1051.000823965107,1009.376386579126,1019.9187039666576,1019.790382483974
1129.9654735604054,1129.8410194396856,1128.9764879429276,1165.8897133679202,1165.8897500564344,1231.2959240140915,1243.3221986405988,1243.322197888483,1236.1705259595255
1093.2295931631234,1113.5671868165546,1116.2741728978,1101.9816407201142,1089.0688085528964,1188.8944920714566,1191.9285107885953,1204.0960851583768,1234.8071975800558
1213.8092567768765,1205.5676117762923,1187.1100820560969,1177.7132523331602,1196.3446165220755,1242.4469325920218,1252.4775967368205,1257.2382582065693,1251.692554043737
900.5121738691523,888.3573688075994,890.1797039493467,926.810674071312,879.7279072947422,871.8727642561716,884.1683879755401,883.6563681051266,899.4936048260461
897.6938912719488,949.9077516421676,962.578521706164,985.27182119801,1013.8659876585008,1012.9922003603132,1075.06622151981,1069.912254848634,1069.9122522315738
814.4204242331216,814.4204241258121,879.7162279444747,899.470822667703,909.3222249265164,887.2792753442773,903.3588891157342,915.28461408586,909.7867074105252
591.8605082631111,611.989366790076,612.6945280679793,657.5361968602319,644.8049572613963,642.7634222086053,654.7552352580387,655.8890354727337,645.6456860453036
640.2622788353801,605.073764113884,604.5798528540327,646.8711202652557,655.1195973846789,665.8503680164758,666.6864870725694,661.1515334254364,636.7803959309676
566.0360645020046,568.3792478605883,585.11521734696,633.2535057814639,628.061397288242,627.8811335922219,632.9586549933829,673.698042263175,701.4196560647688
579.0048318480258,524.1562984585762,531.2510609534947,539.889128157527,498.6578636926606,562.2313755661817,675.2711064183968,615.0729197580367,657.748089340108
749.5621116070979,757.9452525890265,742.4315527230501,734.7404740518759,736.6257805929927,746.0126772522926,747.8635899424553,793.9557152811321,823.1647230633971
784.8011215290535,825.5023007047675,827.154859008765,808.2493144873342,808.2365310153182,837.4221216132482,862.1410171126281,901.7352229026384,925.7565490561292
1086.0130666212715,1099.9722678930275,1097.2903892792692,1089.4706201001536,1084.4323039214903,1085.2052181574363,1085.2052291894652,1125.6953584474977,1147.7941488325596
1141.8880806040688,1164.5286864426307,1173.6994587862864,1167.4111969337446,1279.7218562609414,1331.125145365717,1331.1251501270162,1340.1759445347816,1341.3420776320418
1336.2516894865694,1347.3982286960309,1330.2331995943025,1333.9495426736648,1350.53137936679,1347.2163712623587,1370.4836218245982,1399.5153928814689,1404.445251004261
1485.5522427037358,1407.2760819885589,1408.7431644580793,1409.0874805585263,1419.7767543534974,1423.284439384266,1433.4670105959449,1428.705376713653,1422.426093674476
1284.7266464829445,1311.5460284630535,1312.7855070549704,1320.2453629382944,1325.9379895320271,1351.0185915031216,1354.9260835120658,1355.7381254530574,1379.36443801719
1348.1518159169937,1348.151819603976,1402.5582137033489,1425.010456200558,1438.494066238403,1437.2887410643743,1437.2887626878655,1448.5670154282416,1442.3350743977353
1472.467466270693,1474.2987726011306,1474.2987730601672,1505.528383691708,1498.528349838365,1521.498703991521,1488.5928167808452,1476.9786754844026,1476.978676894374
1285.9428932777955,1285.7172129635255,1278.8014036625464,1325.6575220772356,1329.678698251715,1373.34047836432,1374.0983860107517,1368.2668690088176,1422.195331351999
1405.8065797470265,1364.851978432387,1395.7719284420818,1420.844706015774,1414.0627208848018,1402.1167445955198,1405.0310547648223,1399.947299629348,1394.153209277545
1531.4366228729632,1540.2303568094212,1531.263196744745,1537.5670029022767,1531.7211997021295,1526.3075620275922,1488.3452381446768,1488.3452372207105,1481.0099144812848
1445.4240659388124,1418.5326874438324,1456.431461158969,1454.654034419567,1423.2812541611493,1587.9178798863868,1590.2929389177589,1514.878481833599,1566.7765314783755
1659.491879326044,1648.9193989000632,1697.190565111523,1726.7960133995805,1728.395436659921,1727.224134575612,1683.5838797893375,1679.657852076809,1677.770569551736
1892.161184946912,1908.0538983065635,1913.8998176948223,1917.545282484876,1917.54532449838,1984.1307827000128,2007.8565529128828,2007.856552169018,2088.3494576674784
2024.652171573456,2030.519579954628,2052.1418812760094,2038.574393480143,2062.0983313044417,2070.807276068732,2057.5570790936945,2056.2299622140035,2076.6164996168955
1907.7220839642976,1903.776832241565,1893.7704879013615,1891.1850833728167,1924.1446827782784,1967.901606762549,1965.90694605478,1968.46870699228,1969.791007150841
1774.0101062356844,1762.8931786822504,1765.025314188184,1834.6508271694183,1753.2731859273918,1748.3155649611726,1750.3950476841328,1747.5894321475716,1751.4573663461124
1701.761917859316,1723.368984259665,1737.242545939982,1681.7138052416558,1722.2893617898226,1695.1964782729628,1729.4358068820438,1729.3059365643712,1729.3059349767427
1550.2418649899955,1550.2418690243212,1574.0352650852874,1591.9649849161506,1594.154282363801,1578.14463329695,1597.9804277270375,1599.9455685282592,1597.9354462694027
1568.06912984699,1382.4102182164206,1382.943052329414,1429.5393483535809,1426.3385870372003,1442.2804513580631,1482.2173950085237,1484.4388184196432,1479.8931007359934
1538.0564659351912,1528.139796782256,1527.8946125322,1533.4755144585945,1532.7735551854312,1546.8950453243488,1555.1206763884838,1548.0687057730684,1533.038492036227
1566.608272715268,1567.3526795914258,1581.5157582661232,1617.8671766192638,1618.4985830539515,1618.0016227626477,1621.963650832804,1610.7934717507303,1627.1443196291548
1673.0198323942968,1661.6981855630877,1687.9289308406733,1670.683510121857,1675.7350178961296,1699.2598508658048,1720.313639368338,1700.623203499243,1715.5755287391655
1728.332474708659,1725.3009666181497,1790.6171541810036,1731.634092891829,1765.8246190332284,1796.032919973135,1853.4409086108208,1876.3000973899036,1914.5711923286144
1761.7948396143547,1856.2510762053532,1860.510092778988,1916.426763804616,1931.819609337688,1936.9441590310253,1946.0139290963125,1964.2341301374415,1972.323489057787
2208.616009140642,2261.50119653126,2265.508671331374,2262.892273164005,2262.09739368772,2247.9399345476595,2247.9399261299004,2227.2494673600886,2361.8064365386963
2051.499741494059,2078.000560002489,2080.1211278536066,2085.990624180533,2177.1367923743965,2197.3186836640816,2197.3186863395968,2202.3488829995517,2205.5196018653514
2027.2345941908425,2030.8729477226807,2028.8711156972493,2010.550326379638,2004.2151390781453,2000.1903674386267,2055.428301769767,2056.866479259857,2064.298586870369
1991.413023903966,1986.3581788576264,1980.184430111898,1980.1987654650948,1982.1521453691892,1986.691642861353,1986.4238206891528,1969.975323089224,1961.7095432606368
1847.0471791625023,1899.570501961396,1897.0648057572253,1872.578795679845,1876.900432553248,1894.6481808270917,1892.1217993631435,1893.0168028737291,1911.502156205417
1732.3201582297916,1732.3201611858676,1766.6146480695752,1785.3122567608953,1798.1209462197148,1796.3874867024715,1796.3874948170342,1827.4831689742716,1839.9442835210064
1729.717143803147,1709.8593724396303,1709.8593732403606,1720.26732520535,1721.0538820608926,1767.977207441225,1754.7382184467278,1745.5879769160963,1745.5879776673682
1589.01831755662,1558.4238423064198,1529.800249572836,1522.3604778770386,1508.3821344966636,1478.6037550275214,1474.2575270093184,1460.7555425328756,1441.1507928813662
1638.4972269941718,1638.2215975634754,1681.1419162001405,1687.9240761609926,1677.1645212550793,1652.8212053230727,1654.5031475825708,1686.8083406557998,1694.8610924770474
1726.403421709736,1724.686509219886,1722.6816219474276,1724.8662891865715,1716.637148580077,1716.7552111322293,1672.5242808105322,1672.5242797029423,1658.2181695895197
1670.7508499311698,1650.831594589108,1654.128861332465,1630.8433460774831,1597.3613243214786,1734.80970652611,1734.733610563635,1688.0265174822125,1710.010561493822
1844.2103804582148,1874.6561830114515,1898.998758373928,1934.6268259854116,1930.7502857164875,1923.7760219795744,1778.870358556509,1820.3631427941143,1795.7864254694432
1905.4519221286755,1906.8046971514411,1901.86201264344,1963.055886810464,1963.0559327072697,2042.3303796199325,2045.563907125892,2045.5639072509657,2078.86301951026
1962.8203333867127,1981.4667944516395,2006.552293163084,2004.9818563727167,2043.8780738183125,2083.673503115566,2084.8820219701847,2087.635712080088,2106.572216752654
1956.494103471108,1965.890560269356,1959.7020169611933,1943.7609644284785,1994.4468126938852,2046.8068481235528,2051.78525876654,2067.4047971651453,2085.2853362059905
1618.0861616959446,1607.688319428009,1617.705372043216,1793.090103983879,1670.1817778104742,1631.860138916294,1637.3725342015296,1635.8881947700063,1652.6380513753577
1883.673287510872,1873.2664995379744,1891.251039385796,1883.4594960002576,1905.458483889699,1895.407679094118,1892.2678217544744,1882.652923339876,1882.6529208854336
1901.554968821916,1901.5549749437723,1970.3259650804105,1967.3360794708133,1960.8149502688248,1942.021724950377,1941.9425714913812,1958.8504257568568,1962.5285048060975
1823.9362265989184,1721.547790165816,1722.4295993430424,1732.6004346646532,1683.7376750878466,1698.785134179634,1754.6993994159384,1730.70100988161,1663.054486521156
1703.729809293869,1683.5474396015634,1670.944653994724,1643.3657403877514,1632.2099121677293,1689.2804639803398,1704.228567141574,1713.5932867848314,1712.4215604833444
1834.4660303554483,1836.846073340548,1838.2867773628916,1886.2469156527625,1901.5650879569148,1877.969259232108,1866.261134649345,1875.1834156975888,1873.005948451253
1811.9485551114196,1801.2711077332497,1806.4030656701216,1803.245373489932,1805.976637792959,1817.4971505561189,1856.2264796553643,1818.980553066358,1847.0036703821531
1832.0321717005136,1806.700462046876,1868.0961173474789,1779.2843823346193,1833.2473423267363,1858.7214562743904,1922.1084091067316,1912.1593248921563,1935.838857553499
1984.7426371036563,2086.257187370775,2090.838935822606,2142.028608984121,2152.2452223653545,2167.309903137289,2165.571908083468,2217.8018162456647,2227.934488047318
2298.6528954209425,2437.6941953015657,2442.882243399496,2453.4096855872194,2466.8217433477257,2457.758342342433,2457.758335733939,2364.905021784245,2549.2622452676296
2158.4643861086806,2250.728240169541,2284.522037110233,2322.1354518264325,2419.198306681694,2458.99391631053,2458.993920158944,2471.469619862706,2478.005696984823
1775.890629081201,1799.074799342539,1793.4275871681093,1959.7796162838604,1994.8980714876543,1996.180249097553,2044.9627420007744,2046.025134398369,2049.4208742065384
1908.8020503595471,1948.8893437454824,1952.7217285385125,1952.8212606991365,1954.3954854928047,1961.049984536756,1958.9549848267047,1932.0594047159536,1919.6984865802588
1740.399387896061,1801.1454427022254,1803.3210156029963,1825.732295378737,1829.961453519998,1840.5782346930928,1844.818240263281,1846.2405171622456,1858.392210125516
1718.5171941774895,1718.5171963842297,1757.7449400392798,1782.2900540159317,1798.1650509386964,1797.3694668582466,1797.36947616213,1842.2814971627813,1858.7893057460024
1591.5174082891715,1579.652698234433,1579.652699363396,1575.1698353604588,1576.6199633312062,1602.655390479682,1593.577079109789,1591.862885629722,1591.862885538416
1425.6489083586494,1408.400531210238,1398.823339602386,1424.2118681057764,1435.917079843981,1482.996913465031,1487.9737758717274,1484.2209137207828,1507.9848079864532
1471.57981615507,1475.8518044911325,1478.4611793725344,1468.1005758381816,1461.1540224543714,1446.3222519937644,1446.4650565152951,1467.1609856949508,1468.4221761130902
1468.344674553191,1466.4492128644051,1472.2154306773373,1469.3375890843745,1464.889126482194,1476.4405141393654,1442.6753390942322,1442.6753388714278,1436.6802573423774
1340.3494762006085,1334.9110873361642,1344.287461544809,1342.7890053923477,1321.0807368420064,1364.8004102625564,1388.398068477356,1380.2292905543727,1389.0417416201235
1473.4143198810052,1481.0696066882665,1517.0988089945167,1504.1838737438957,1490.9995497161726,1486.813596715794,1383.5240814629942,1412.718719093362,1407.9641549717635
1541.5876383983775,1540.9531969318923,1536.310472443933,1556.8960953823553,1556.8961343354313,1634.889266601298,1651.5251271941524,1651.5251270291628,1674.3249432152588
1847.204819299077,1828.083615416098,1824.391168391332,1817.1455939215373,1831.2924309817024,1873.1716291266457,1870.7931169828264,1867.8744629025368,1845.490841012186
1835.920155627944,1826.049474027008,1821.1866595561296,1807.6221677924004,1838.3116788087675,1895.9632198392649,1899.6787368862824,1899.0263789352173,1897.285270307544
1705.1366370891046,1688.7822119241464,1703.8466676325988,1765.6743550300598,1690.967809463531,1672.7788542637136,1669.0613837448018,1670.1975688002203,1681.2963338631926
1718.701707392931,1766.962869580835,1778.1322575882075,1771.042198637435,1792.651126295328,1783.9011132323649,1820.861192341341,1813.392837039748,1813.3928343087464
1706.8066789870627,1706.8066819887626,1723.4996772943996,1732.2383889891207,1744.951518464215,1723.9857320687734,1750.2181267970664,1749.8897968058882,1747.6261864722874
1561.2548543289304,1419.004049836687,1419.696932333056,1467.524095964477,1466.3828848321864,1485.811373859702,1515.330349960161,1512.9047583163629,1497.5295293708475
1555.4782086203122,1535.3848222253437,1523.5374982956891,1528.574923794287,1528.3550674852686,1551.2112814734935,1558.2925315187897,1553.0513579168182,1541.557977690711
1617.9284406097431,1617.2452661325133,1627.053625229286,1673.4237301322137,1674.6481392133428,1660.3581182354246,1657.0680264078435,1651.412303836376,1669.3787755462472
1707.4942757288663,1683.281296133995,1660.5311849211575,1644.5109517700405,1642.869481079897,1688.4173761150232,1756.755166958785,1762.272659741342,1780.4408081805375
1596.089500262242,1576.754174259022,1646.0746520459652,1574.3802003098826,1611.81665521572,1621.4405933469534,1666.3000351190567,1690.9983857810148,1727.1831302926585
1743.0792286995274,1828.1663044381855,1826.75335294671,1854.693142842385,1869.1427353249765,1891.6778619074064,1910.785393447788,1940.5073583961384,1961.432169181144
2359.262671085751,2297.1136229016693,2304.406009839311,2293.55300552689,2288.1635426197427,2271.2772958787864,2271.2772946101504,2278.941417016438,2409.403595149517
2178.7948812413524,2160.0110357946837,2140.9081231337623,2172.071167644588,2242.33091701418,2272.5319130486896,2272.5319170060684,2283.576897965489,2293.921416567624
1675.5076212606364,1704.3154473672405,1690.4919525000078,1849.4168104117523,1831.851283090955,1835.0295321484157,1910.9998265754475,1945.2063471540605,1946.7255056330905
1585.1974848210812,1592.0883147008717,1590.605394895887,1590.5566694045774,1590.5100005715212,1596.906913938703,1588.4187689307985,1554.5059205443831,1542.606189030157
1422.7377690672874,1476.8989299602108,1476.7522057839378,1471.6637570682797,1474.131575382853,1488.0308449557997,1487.5723352727364,1488.208217334799,1502.615165227617
1428.1659193275846,1428.1659133333742,1446.8694464808725,1444.2914406379568,1452.3268887347658,1450.8312523526256,1450.8312592231814,1482.8270058528724,1496.928279307409
1236.7360880475317,1231.7416696188448,1231.7416707016382,1228.1231750006557,1229.7655953713984,1245.2451513805354,1218.8463492258452,1220.0728930790428,1220.072890874595
1178.6680484760727,1163.381342648794,1154.1820003006796,1159.0606683105289,1161.3962319951024,1217.244846673217,1224.7199305384856,1219.0343691580565,1226.6911484260054
1285.2429165403228,1311.9132800363004,1324.4585843906389,1316.1420561523282,1308.7342836721657,1295.1186278909065,1296.525175249877,1311.3886733759864,1310.2352465976728
1272.3123781268005,1275.2389134127443,1281.910859653668,1289.8843716541232,1289.8751915085231,1298.42217509076,1258.2123631611394,1258.2123630390124,1252.1177203399711
998.6727232155064,997.8993128042202,1033.8917055874772,986.1905582931358,944.958865955472,1034.2299567240116,1097.1508603244292,1015.5194407114176,1065.105132903278
1304.4357956791064,1300.5054975572857,1302.860577408777,1270.912337790709,1264.842263080798,1265.9928995291411,1225.291297338903,1222.3995427315822,1229.9049100577831
1297.1398039303022,1277.1218808387057,1270.2850561888918,1298.1259337762383,1298.1259598165925,1392.9006477550283,1397.074947480156,1397.074947272893,1386.5448379449151
1421.677585720434,1423.059083144205,1455.171124101791,1445.5487361601265,1454.1984614200337,1508.019326080543,1505.5506796380978,1504.8021659912974,1507.2401686905578
1622.5395138009335,1613.0320813171566,1610.4793337910232,1604.7507006491978,1630.434824908968,1685.677837844181,1689.4812621342826,1684.8279503450904,1666.8996466910612
1489.2114232834429,1462.1474728254834,1486.701600278262,1503.9665488004684,1468.0421408080947,1445.0295471885763,1428.7259040525978,1425.635192281181,1428.553489989794
1247.0264593958857,1349.371405992657,1335.80413505435,1366.9361074078115,1373.521099731326,1385.4698669783247,1425.7910239456105,1418.9071464794831,1418.907144335666
1173.1820179471852,1173.1820165809131,1213.0490192570724,1213.3985270056874,1228.9382788288349,1205.1793214335776,1232.8731160622335,1236.7487706197717,1232.1183215157944
1029.236545562744,970.3676894259406,970.8873086194508,1020.9323831665852,1016.7798148620932,1033.4123014212237,1054.70907276039,1053.497071655598,1032.8621327355213
957.4057941902212,918.4132649174136,912.190443460142,950.6937034235452,966.0402611954488,980.9228354498772,981.2220363441156,976.0379030332552,957.7421296594766
1018.9407836164028,1019.72429127338,1038.9966454171172,1085.0045397783906,1078.453920094311,1090.0227810808574,1093.7625357835714,1101.1509592181465,1121.9834695292448
1242.317503570237,1186.8544481396675,1246.470556158456,1221.065082956371,1217.7928212438528,1274.2951193922854,1285.9192123489338,1192.4008775539696,1209.4718131495829
1049.3604101189849,1042.5455062453875,1047.5727059692144,1006.944887491656,1037.2151712599152,1043.2182287573814,1073.188203215599,1131.096004287887,1156.5212372160895
1183.889893681706,1262.1181483090768,1265.050419467836,1276.9273928879038,1285.15063032131,1302.4086413953537,1264.8572582498546,1264.5035463050335,1268.104650142418
1734.5047111819658,1627.2319102439224,1622.4769865680082,1603.7512785532165,1599.6608442637223,1593.3463859550138,1593.3464073900795,1675.5428092965158,1687.4693020284176
1712.5305362565268,1682.689724325479,1655.6799556380863,1653.3840498757236,1706.5216149511798,1716.1628638000984,1716.162865570077,1721.9505548955058,1730.0800810486398
1462.5610248873272,1460.8663151898509,1451.2845781618016,1491.855772650113,1512.922605388043,1511.4413645166496,1547.2009454500076,1563.8810347107792,1568.8569878059934
1305.4944284930823,1352.61280970808,1350.8014998876024,1350.8566176011664,1356.811688233549,1370.1339459000064,1364.3406974231984,1352.135768224427,1350.9109140557775
1267.1958485245705,1330.2060186805902,1330.2900283772906,1328.9939681838296,1330.8310071463056,1335.9291777142862,1333.0264273878274,1333.9408685987871,1340.648896883824
1244.9094200896216,1244.909412904337,1294.861258457422,1293.4043029657842,1286.3108096066571,1285.0018188551476,1285.001832619033,1285.550064875613,1309.7443678299023
1100.677354626714,1134.1891460817203,1134.1891475006703,1144.69373129186,1139.1715392964545,1182.1009672649598,1189.6146382697043,1183.115975125933,1183.1159754533585
1011.751652209612,988.696885710353,974.2217202657556,988.6760165105516,1000.460242760244,1100.0825492350268,1106.258207393974,1100.4991201168086,1101.4535901063573
1205.7118646940144,1211.9102726839485,1221.43189305158,1212.0332785251248,1205.877635618439,1202.2337322431176,1203.2933037062576,1219.1989695698576,1205.4737640156818
1117.3424658646036,1121.3365043619124,1115.1949846948046,1124.098255416182,1122.5900055941163,1123.5067085154587,1075.2738623038167,1075.2738613225374,1064.1613656708505
820.764025855322,828.2515025920293,877.6856248628756,844.0991934092017,802.4313784465194,884.8120450701535,949.1330019833258,878.2936685535096,925.031025042248
1028.2324111009077,1020.4585864845868,1021.5127028709394,971.1200822282408,961.4201439213648,962.8213145716218,903.0923996586351,914.4737898125312,912.5499416142702
1010.8313364938658,1003.2469244533568,996.5542621920758,1014.8800725912442,1014.8801017070072,1091.4416307101346,1096.263411885884,1096.2634106629705,1084.1963159081645
1282.9968038308143,1242.4732849906295,1242.242242112843,1237.5442313470703,1270.2789060145878,1317.1271077914462,1314.0378374879256,1303.867793918338,1265.8621242596346
1322.2030250983662,1300.409931158647,1304.990160037225,1294.92060162927,1314.608963789345,1365.5272569309454,1361.1559732083624,1354.8948790964205,1329.7985817475674
1286.7797624763916,1263.623435685644,1285.0129520036353,1273.00874710083,1271.1003122095935,1263.9536784458323,1243.4200718037891,1240.2384738179026,1250.1213521881182
1031.0765672177076,1158.946014277637,1136.2227187156675,1167.3752099815829,1183.7002299576998,1196.7798617160006,1241.5984753891537,1235.731652167553,1235.731650054091
849.1850155447682,849.1850123771583,894.2686962313019,888.0652012377977,913.0193906446876,886.4649157766398,904.0074389730798,912.4281507906852,905.3079275936834
738.3751789182425,749.3445528935408,750.2188283783325,786.122930642905,760.5659740323026,775.4602139576455,832.1424807133262,826.8516094492952,802.4549175436841
688.5464942077015,649.3698969619873,646.9244327288216,677.975037700242,686.0463360203812,717.1675081550675,719.1109762039559,721.0362178996729,717.2275674178672
779.4399537110148,783.4716649809852,796.1834085005376,861.0945061816637,863.7361365637771,859.5915003651171,863.4439984334149,914.8757662613572,938.532247973144
1008.664609559557,971.5345672369004,986.3393780971963,973.3362697669764,957.9564244012236,1029.6333507062882,1097.4421442111488,1050.6152063570917,1082.3561878060357
1048.883767387233,1054.7533478753355,1065.632730692625,1044.1750993559108,1066.0980340140811,1065.346508473158,1038.9923741817474,1079.7757379727557,1140.2408436104888
1065.7337847098388,1184.2418159832705,1186.4221010430838,1199.6422429088416,1212.013916354461,1239.3286758402692,1236.0385057306048,1263.954593569155,1287.2850660597524
1714.9381091263713,1551.5180824160843,1552.5239192011811,1531.982826671447,1524.2465671222344,1476.9807194931818,1476.9807530212163,1587.8867700789124,1577.1592983603475
1511.4240173735743,1482.2350419372378,1459.2782313084026,1442.5158803940467,1506.3683840044068,1528.325003818638,1528.325007362262,1543.9175673803002,1559.5371305760054
1238.2992507513118,1235.50185296806,1218.2038913385404,1264.694382936108,1297.8409276474213,1297.8792539571004,1355.4366793908412,1386.5636820944492,1390.7879179070003
1169.7822750136256,1187.8930693233851,1191.329174800194,1191.20658936337,1195.566071284029,1204.2400644358604,1193.952458271924,1156.807359964179,1148.5379535007742
1043.5420231223106,1112.8312902195612,1113.9299775992697,1117.0318408014864,1120.6308321125834,1135.859217164595,1137.5044935047918,1138.3182400438272,1152.1082119898638
1083.38390642601,1083.383901110421,1158.004119216137,1170.022328727231,1175.007774523954,1174.3201289424906,1174.320149261515,1146.439952859262,1151.9213267438463
1072.0740509774223,1115.059774994479,1115.0597761974204,1122.581413471693,1114.8628084295196,1123.2918817921527,1104.5228981325636,1100.90054028725,1100.9005390515813
1083.646933176322,1063.588727535036,1045.3538955641052,1058.2776668192528,1057.9473910418674,1052.4022297734628,1040.1542218532704,1030.524651157626,1016.2487055291568
1229.7819258999953,1182.002721708268,1171.9870042507828,1149.5908615669268,1134.8577488939482,1109.432991865135,1106.9644825397445,1111.373641654718,1108.1126600983844
1055.6593488600265,1058.901360927397,1071.9626949063097,1084.8324445360558,1089.9030734605185,1101.8131940700114,1081.9722929566487,1081.972294192332,1080.5287916088782
841.4108000235574,851.5515054737043,911.5390867890928,904.0048243234633,860.5715986713767,936.7250950932504,956.2486315221468,921.714161308162,953.5267619006772
988.139730626659,947.0886785229814,949.3878345927516,862.5578771237342,850.1308554905627,855.8999429149044,812.2371368613094,812.5239672041498,810.2551864627749
972.6215749951298,974.7028676017944,974.1113097966736,984.384549029368,984.3845790452906,1048.6268621835625,1046.5160994197213,1046.516097436106,1036.260957780309
1192.5218878973392,1156.922011268768,1172.2441462304268,1158.9682625193673,1159.141469794078,1208.764049832418,1198.558362647149,1190.0883347169656,1162.8350278837388
1291.4646262009337,1283.8226212635636,1287.6778000681225,1283.8313691661024,1303.2444375360692,1360.2914047313388,1359.7553873277757,1343.447404043327,1307.7704325088998
1092.1012096338964,1068.4191122982302,1084.532076091702,1080.2968829870224,1038.8096365823149,1078.894387208129,1065.8549945073064,1062.685925205173,1042.9930233250125
798.5093800276518,930.4312844984232,909.3930034413934,917.5968829132034,941.2006128132344,944.3643241126848,1004.8461475297808,1006.214298347346,1006.2142974166054
803.2410091286456,803.2410033494507,849.3781543904915,853.3616042938083,872.8805182201395,835.0071965609386,875.9898448702588,869.8648652284464,857.8949845469233
665.1287278160453,618.5725895492651,619.5697472337051,684.1270811658815,672.3241627643874,691.5886697724345,740.8875787841753,745.7155766546493,732.7448022072786
801.5373031693998,775.6389350711834,776.516795943222,805.8545550527415,804.2422803926765,820.2965851642184,824.0578300109919,816.8511171561549,773.802821536563
559.109921736861,562.3392820159388,581.659746073341,644.4533749527363,661.4350248729606,679.0852252739132,687.4369008687554,710.4672473812898,734.8556306782957
713.531715909492,687.2397577762604,799.9736180202453,787.1566880319115,781.9513357385822,818.0237514467808,756.8675674038823,676.288181707263,711.0912274033108
617.4194428517221,623.785367980945,573.1310793459415,576.0870497747237,590.3852073698945,583.8186345100403,628.026199400425,720.9092412409955,742.2230686086041
593.9152222657067,669.7061916710445,671.5457537453567,676.1233396200887,674.81045269481,695.9712161747048,648.5329926499544,671.4292250074141,681.0492890511823
1347.894737593182,1207.7198987354975,1210.299935286881,1191.8296097152634,1200.63303461135,1172.486324936468,1172.486350609819,1185.0723869483918,1258.6104144752026
1218.9743424700137,1193.192981416316,1173.3167366006674,1160.529127023594,1233.1138461182345,1247.7650320536775,1247.76503521853,1258.7238300983154,1266.198015647475
1159.7208774940664,1159.6137888911326,1144.6001114231694,1159.3674874934768,1155.8193042260118,1157.2256131506583,1266.8346037813608,1313.5686759412638,1317.4206091413216
967.6741122305392,1044.9596831215313,1061.8670533938566,1062.2379324510184,1070.8836293171262,1078.1111819160506,1086.8711067340591,1094.38256241387,1090.0225156762244
955.2343695759772,972.8318147597602,976.0851344737166,1006.3002779326052,1007.499926002507,1019.7212392646124,1017.7631014771324,1017.7454819574768,1029.676781580085
1153.1000632937355,1153.1000651300856,1172.3857338948292,1174.5925824993535,1183.8722965249617,1184.152240908792,1184.1522599281525,1221.8404022836185,1222.5884391025463
1040.961315649336,1049.2893468056136,1049.2893480811035,1060.8302343837568,1055.0820548516058,1031.8309763307843,1067.5310487562674,1076.647790385519,1076.6477868840302
1127.3688374463964,1086.2936110102055,1051.136699291048,1026.8552934503095,998.4228859728246,962.2089029380004,947.093585934801,927.5650325850002,868.4905724806085
1462.6910463720924,1396.3829623125494,1443.6746124418278,1403.198681328846,1365.3785663120216,1326.6118525341026,1325.1810437827917,1359.3096805912646,1274.3398206761922
1433.1236639625567,1430.397092536965,1441.455945310001,1437.5763505981813,1423.991404383727,1438.4839879665524,1286.8181925704048,1286.8181897656325,1263.7764147350972
962.9041282484686,971.2635001960152,1007.135857661582,1007.4042764733312,952.4575911574066,1131.683753006815,1160.7958540368272,1100.2893312601518,1137.3386927838585
1364.289390339458,1356.854587122216,1403.1123308048118,1362.4659600039013,1343.2706654514625,1339.581176091815,1189.7053713537753,1206.0348832331365,1203.3112774621695
1249.8820055252509,1254.9992488927091,1262.660596285481,1314.9231817184918,1314.9232141536777,1369.1377627076145,1344.0963617187226,1344.0963601818075,1345.7409487206824
1314.2223683583145,1295.3481529154933,1307.8718722853228,1296.4963300857198,1327.9697461742617,1372.5084571333136,1361.3529354501952,1353.6574873131722,1352.7933281517617
1218.329325916915,1198.1944747958332,1207.4732895311172,1195.1866521224,1219.017030326011,1262.346565314685,1246.6244518006424,1240.552361791386,1205.4590317643924
826.3913995987386,807.4353365470888,817.8403974447428,959.4110565185548,831.160470212737,847.1966516536486,838.3041894197158,832.1590181913125,826.7855784979256
1051.4058174341917,1174.7721368670464,1132.9895551800728,1106.4490267885485,1090.7321988344193,1103.391860663629,1063.0389321840485,1042.0051350965225,1042.0051305449597
773.0487843989395,773.048786024432,799.3502883785404,816.9768698997796,795.8934612780286,769.0288151259738,812.327191215445,829.2827204207424,821.7279339923789
777.8276587501168,769.935024232982,770.6220208810118,757.7550645993251,688.3755454002239,670.9112227484002,707.7849320726818,706.1748168166814,665.9302739277773
669.262435330209,643.8199378975842,650.5962735359826,668.1505104684475,663.1585635813062,668.1624196883604,672.9087799781264,668.9840982995811,646.755403134397
487.1093664719374,486.3277020540209,521.5872130416083,553.3676971612076,579.4524550463684,605.4298058596323,641.0161974489965,652.5953598274646,728.8972040776753
854.5504674649492,853.8753764033318,865.4402050138742,870.721478308842,857.6475489246877,900.9147624952966,876.0170872922754,966.0637502614408,1003.4238421384362
890.0854136228008,864.9759863247273,911.1602896004916,835.2792087323833,863.488616030023,893.0827906578779,921.895606160164,892.2321355775348,964.0073116562488
749.1026587848537,781.5949086536275,778.8502454554746,751.8437179153962,763.4860039011455,774.2997827555137,807.6122536965559,806.2224037300894,831.6848373277962
1131.7577618921423,1157.148379465426,1169.3319620311397,1163.1577806278365,1154.537867734707,1177.7917321113528,1177.7917158528253,1164.5624387966236,1316.8097892701626
1206.032100170691,1268.6022747154348,1279.37507109977,1256.1398556099502,1355.2348007628243,1360.5154873356078,1360.5154890365084,1361.7454978860624,1355.1569491121336
1332.372340306145,1318.9854420729316,1306.8979063441438,1249.111259911453,1191.172893586403,1187.46569104612,1216.5446881828248,1235.8658775235815,1240.770084683376
1019.7543041929604,1031.466144169186,1026.9797077573603,1026.9479691280576,1034.3257925639518,1044.1528934508003,1048.5361939001375,1054.7814335862058,1053.8115182921392
1203.7764467597008,1239.1447987864958,1232.3337918930629,1163.39656581101,1164.4140591838768,1189.2059844439627,1173.0371804273454,1172.0560892557714,1193.715506205277
1198.6922277297565,1198.6922141385005,1282.20637762572,1289.4934956472937,1263.7699010477518,1260.242124837794,1260.2421479028671,1225.645873837755,1249.4118726636225
1167.3331800400374,1197.679344412907,1197.6793460191984,1244.3976969679643,1229.6127603728091,1241.5015226261385,1236.170673947781,1229.9069100174677,1229.9069093597643
1087.6237297021144,1034.9005400537935,1010.696876617032,1094.5373865098954,1143.7858472482983,1157.1437400541035,1159.086052337585,1154.622662614267,1184.023676137935
1225.4822938890647,1190.1397066675129,1155.254907975308,1177.8552920885832,1192.6993616058753,1196.4678994761362,1197.0155874644445,1200.2368195548916,1183.7587039649952
1043.4045253615986,1048.8187510584976,1051.452614341426,1059.900707291992,1060.2591509156264,1065.555988302338,1062.3424983188524,1062.3424985232125,1061.6570556422955
957.316810904289,970.4734926044184,983.79305186469,943.3643115023152,925.0086962245404,844.6686774512928,902.8301543630224,904.994142452604,906.6680288239296
1058.9113637699777,1087.8488910736924,1055.8094328818552,1038.1982592525455,1035.9748732198275,1036.0879679002755,1034.731519838795,1064.3573282706784,1063.9940205961466
1130.2202290677303,1133.524275566364,1126.3280425529956,1155.3446607345904,1155.3446969463548,1260.8448383813957,1287.8658245321567,1287.8658258840442,1238.8024838216809
1281.1764130662195,1270.9145421904132,1249.0767569018935,1245.641188918962,1232.8097547321522,1354.574615217116,1356.4683376784196,1360.6771133616585,1367.9417796253256
1331.054365868331,1304.3626414723694,1297.6153191488847,1273.6610371238894,1293.07293111358,1341.2684766393504,1353.3485488239785,1372.2755008696697,1371.4584777520358
1124.6897037545568,1113.326043067791,1116.4921760624711,1168.4501301050186,1158.3557273945917,1189.9905684483529,1196.7032876426474,1192.3570514773965,1222.813244271987
1252.385852739215,1307.3899842463434,1315.27174667269,1285.8406048557808,1312.3305007070303,1298.2045181787398,1342.5500781359442,1335.7782447801,1335.778241193606
1133.2551569427524,1133.2551558999185,1130.7235793089494,1150.9260414075106,1175.6458988137529,1144.3618272938477,1189.8292057264189,1183.242970988329,1173.0446318611048
1062.162570901215,1006.0291960492614,1007.0747127755312,1055.4026390279996,1035.5762725339446,1035.072372904746,1058.8655967649647,1059.5490406419997,1048.0647332726658
1191.2648224429397,1163.0521347901083,1156.326373671829,1167.7491190732762,1153.9409826562132,1184.5229895675584,1195.543604176506,1186.8257743351278,1136.911123508602
1228.694280816744,1230.9822053203843,1249.2730280873857,1306.1128341902804,1296.6806821062492,1304.4733192499843,1304.8956361501878,1299.5726491764651,1314.7023977337883
1326.3051733039028,1282.501085102558,1265.049433082735,1247.9563827645034,1236.998747240712,1303.9220588615572,1353.976033121813,1378.9507940430194,1417.924824355017
1156.6309612803016,1145.5946894819026,1145.8485881760716,1104.2394901739317,1146.941269543895,1154.3763519823551,1184.1409016251564,1204.081507233379,1246.5452339652984
1342.1199367210793,1436.7884183943715,1441.6644255303245,1446.218948812391,1462.351267387694,1478.0220393056634,1466.9712773182328,1476.398501503381,1486.6927329717528
1862.552073033141,1779.6925370152485,1780.3033500497932,1758.595616831677,1754.8216380180638,1772.3021563998227,1772.3021613155288,1841.0046416851687,1900.433817267418
1762.1274850046757,1752.6696513412317,1727.6482974850803,1702.7334028962268,1793.4200455552127,1793.816986167643,1793.8169877555629,1793.843024584523,1792.760161214479
1769.5800677480438,1764.3360605031048,1752.0329735087216,1705.3623683586884,1694.2608411730926,1692.0592300106364,1718.2405822456058,1735.148389204565,1740.810249419461
1344.006691351533,1411.7886570444389,1415.3885215226328,1415.4053125352148,1417.334242153498,1426.0644670233396,1424.987016846022,1425.714544091432,1423.253997122643
1365.583899319172,1399.4493152805371,1396.76554444895,1372.1570399571938,1372.9346908770312,1381.0877797694666,1369.624600006544,1370.60625289758,1381.1135010381695
1390.7035165808047,1390.7035163699477,1448.930055902325,1429.404227314364,1399.681068283273,1397.9143016869202,1397.914322830802,1398.884558464881,1442.0590152223886
1186.0370260556338,1150.1738491323522,1150.1738510596406,1141.4043105367746,1139.1313866419368,1181.231847157345,1279.793289036781,1284.3219831717215,1284.3219857256772
1192.768228268571,1145.0660147811575,1130.5435225151523,1160.5711380953871,1209.9955460433775,1388.56533924042,1419.1713955374323,1421.244871434319,1421.7227282898602
1236.9239293770224,1286.215997260064,1211.546256485919,1213.4122540407589,1240.3001380100031,1286.8441560684078,1296.231713565412,1274.7902265776502,1393.4286924231274
1238.7450685669028,1246.088511844675,1256.782483896233,1263.4131256297003,1269.4664045334866,1277.3882551343413,1325.4303455906847,1325.430347642221,1334.9950927479658
1255.5500144645885,1262.6570522927796,1288.3077289812863,1237.9350873918738,1250.5392669513822,1137.8103153062257,1161.6784546151905,1249.5700151228666,1207.7695023172564
1198.266146925118,1220.9430437684496,1221.3384661020827,1202.2305645593588,1193.744860470033,1191.6687680178293,1122.216584149748,1210.3426734257955,1167.2532707490027
1277.4518343617092,1278.739331202145,1262.8746640454046,1243.8762341746187,1243.8762537410655,1372.3538952707604,1427.805846698553,1427.8058488956594,1388.448624888595
1444.7392168546503,1440.6540690504708,1377.5592356177513,1372.2738030563487,1359.3007119067188,1499.0401201048735,1503.8097229535852,1515.5375650460192,1537.1983974001196
1465.736821991071,1462.299017969519,1445.881536449786,1423.3873000379645,1445.9947496074146,1500.8061343880254,1513.762709274375,1518.9364791566768,1518.4674385024737
1247.0851124482288,1236.7766274494352,1235.986754105761,1296.6286215782166,1226.9740918433308,1262.3632264072658,1278.0040105834169,1277.0620163241329,1287.1397508975278
1378.1129898428917,1371.0689123645425,1409.8439927473664,1315.5789873081085,1354.9252035170794,1309.0045219676977,1355.4523688076588,1355.1473992793765,1355.1473963387689
1233.3661981820003,1233.366201771034,1246.1008570403792,1279.2470665406436,1289.8085527583244,1263.74601697459,1295.3288003779016,1301.6660138423322,1294.0596775859794
1248.3543712720275,1139.8071665402383,1141.0065123539243,1198.0311599602128,1176.8016302950273,1180.5869332709117,1214.4452663031225,1216.18268666738,1201.1935815659526
1260.359879442356,1242.3033271472086,1244.541737012216,1254.9231873175013,1248.537680704656,1263.0645913567096,1275.2086151554977,1264.9794149281806,1220.452845064232
1323.9242465384011,1323.7082989103328,1344.7324017627252,1387.9362335759945,1385.0760676488426,1385.5341868485557,1391.5767450106396,1377.152570157552,1411.667677049183
1528.033144404122,1472.192285001278,1479.0713691838027,1461.2867992983884,1450.2583461588256,1519.4603770559115,1578.964908659982,1553.7187552656978,1575.7084386936476
1333.0673176159762,1320.4281451229435,1356.0738673135638,1277.888391879511,1327.422228000185,1363.7907462269068,1391.30150693655,1380.4664028779953,1438.5939726051363
1423.1590571906272,1515.7118252954024,1521.9700605469434,1553.1908391464112,1571.8633558364745,1585.3266446063571,1561.7875726069487,1566.8922060322784,1574.8920640008782
1890.6766801128904,1835.769414407031,1842.431594622898,1823.6595423832769,1823.0013909068257,1821.5377258547924,1821.537717612504,1821.053991178865,1973.0116336345675
1945.017901832267,1931.5436938252824,1902.5030689430423,1890.616114795559,1963.752636900339,1954.5228572782944,1954.52285824556,1952.982295023412,1950.4745648190876
1874.4938169560337,1872.7278190056384,1864.7586828488493,1854.407159494684,1853.94188595388,1853.688177445234,1935.6593330756516,1947.0186347957351,1952.9045514860045
1741.4232189655304,1784.700061516749,1780.0722289875848,1779.8718118993493,1784.824040347827,1794.5032681006942,1793.3578859297522,1774.7272309246473,1769.0763483487465
1721.1129626631737,1808.915257216082,1808.142594339297,1801.0294525486097,1805.711812858237,1814.4573168115503,1813.2387138514025,1814.7073518199195,1826.319769606518
1693.5502834722574,1693.550291999367,1776.525711887196,1806.4948127572425,1822.368491269386,1822.3049282832944,1822.3049480628688,1807.5588752485344,1816.2369463592768
1659.44954112724,1671.2131289062272,1671.2131301949048,1665.060875701165,1658.3275309649762,1687.9956706729936,1720.0553746658843,1714.7083127249934,1714.708315267431
1606.1528856348305,1567.3539853673828,1543.09206117328,1604.181397876906,1636.8057425061345,1610.9446629039012,1619.479699294283,1612.8483178958268,1599.6964813700906
1473.3361564016525,1432.4461993984878,1403.973711761435,1405.784203111711,1407.404593810919,1410.2292788064733,1413.2082023610456,1398.5135298397654,1444.2331245810492
1591.1338966142212,1599.906114978687,1607.5787982135007,1606.58202180043,1607.3369148889906,1621.1514166796114,1623.4960138428942,1623.4960148062964,1635.5329175719671
1405.286666491775,1389.0631723713304,1423.7953997950317,1440.142368308385,1422.5613191612065,1457.558255705575,1486.1045408026985,1483.1147153872007,1503.8226305718565
1554.3911578723637,1558.6222611178382,1601.6779398327053,1596.784867405484,1590.5137084783855,1589.7214790043436,1537.1110760774463,1548.4728180221282,1546.636701559648
1723.502076833509,1745.5048620698508,1750.7613170544646,1742.861186799877,1742.8612245616969,1825.645248302535,1860.069279650648,1860.069279884512,1905.0654043553004
1692.474963255867,1695.1822324185332,1681.4453133612114,1675.7834375955426,1704.8456644919495,1776.936401416293,1772.7307896177515,1773.0123626270542,1803.9230652337649
1680.8697194335982,1679.6530989762396,1669.968976686112,1656.9359037574395,1695.0700589227818,1742.5473487967392,1739.049843661962,1743.2805096237207,1749.5263120584932
1466.534380166122,1460.623568149167,1460.7379329817777,1491.598929286003,1444.6972993711388,1460.2797412780346,1464.450522733523,1464.7536474622102,1474.3998978965792
1344.6816440820694,1365.6567975357175,1389.8693163990974,1356.2639748268775,1406.36211925745,1381.6069744470296,1432.818042228202,1431.486303100566,1431.4863005307998
1145.0473385941405,1145.047340197456,1189.204752153717,1207.9218883756548,1231.0816560729218,1201.6455157298187,1221.502297702289,1232.7382260706509,1225.4310931578602
1127.9883684292436,1027.2653099065649,1028.1695727047336,1086.7137589197791,1075.4940635246749,1094.940475172596,1151.032195213742,1151.819086461328,1141.0984097200271
1111.368288504451,1089.4538092195871,1090.8445250711447,1113.62439175701,1110.498677563046,1131.8269104271458,1140.174955011622,1131.92902093273,1101.065511112036
1084.6806762377892,1087.554781960007,1104.4511061766025,1164.1192832893355,1170.6830625290313,1174.642253344413,1180.5334453376709,1170.4370277606722,1189.165073291064
1154.22393006763,1131.5163375735283,1189.3853723644131,1185.3159816924235,1182.535185752131,1223.1810358829753,1223.3415362808155,1225.3025991097093,1250.4131326310817
1037.4109089469855,1026.733948879435,1023.71735239774,980.1108596798294,1011.9826537990012,1029.5085310041904,1107.0302926898005,1135.5215708487085,1173.7351947213028
1150.2590146745788,1205.7879715948184,1208.2243018464023,1216.3924086545358,1227.2531005592646,1245.0867225723605,1238.7054599831736,1253.964378458164,1266.881594515744
1560.6270835956457,1570.6781633352157,1569.8290640257128,1560.0109913900378,1572.3086686978168,1596.608001972254,1596.6080165831845,1601.9618971829768,1676.697008907795
1578.4034046059824,1600.5360428363929,1590.6656729211973,1574.615820511675,1670.8216419318196,1686.8717337259004,1686.8717359701404,1690.214413818012,1690.556251007074
1578.3055078481848,1573.357263480444,1563.616520704054,1535.1112188387451,1529.99823090491,1524.7297355318733,1563.157489189689,1584.6713327610196,1592.267144893878
1585.5481691136956,1641.3515125892882,1643.1697173668072,1643.0322494552163,1647.694841102788,1655.514123332241,1652.447105750467,1630.5766253225156,1621.7690589282938
1552.451789677143,1640.4603993318742,1639.1187025205872,1621.4167255679058,1625.3548308225872,1634.4384550088962,1632.5963952398306,1634.135823411384,1647.4372304868302
1578.7049822556146,1578.7049749769794,1638.8029989698698,1669.3926344482898,1678.9877659034391,1676.4569296842965,1676.4569392136254,1655.3960120512056,1661.285881985299
1461.1232787086192,1500.037083553274,1500.037085388249,1521.3911111009656,1514.577000166173,1521.8977657705182,1516.9583690334694,1512.777603858478,1512.777602973787
1405.5474705054366,1376.6036447979895,1353.1898254696423,1419.388551048556,1444.9509822958426,1429.5157612095936,1432.743631764457,1423.8061245036442,1431.149496200822
1536.0295059527489,1489.930937435478,1485.010582052062,1480.1896419375607,1472.2789052516164,1451.1583837218732,1451.8092471533128,1455.158448453658,1456.0040559083282
1582.529877016248,1585.8954970197374,1589.2107197871228,1591.869834884048,1589.2988712869628,1597.7361626751954,1562.9996281485874,1562.9996286207825,1559.4282192344615
1338.5253890042768,1329.094034174399,1363.909073251616,1352.7680242625063,1319.2391162998974,1419.0730588413571,1445.7285357849032,1403.8113115676242,1437.9153621597652
1644.0148432772985,1660.9709893554973,1700.2643163474277,1682.6897750201606,1673.6374139772815,1671.7788871034936,1594.5874874498695,1592.4742217945168,1604.3832525201142
1593.59559386786,1612.6785788051493,1614.5630618006107,1597.202631956097,1597.2026671503263,1676.9595489054627,1708.1373148630955,1708.1373144598035,1757.879235427601
1649.5471167327196,1657.7428869464102,1636.646885103808,1621.929743716304,1638.8204361090177,1695.4630864124229,1693.011943823276,1697.052211147251,1738.0487189848427
1682.7411383183498,1683.8999203313142,1677.0691426401463,1672.4895442385605,1703.777968194905,1752.48139354866,1759.1798513633894,1764.152452540082,1764.9159449450854
1452.604106613755,1444.1444333607797,1448.1767045919332,1485.2976653575895,1454.9368699049955,1489.8655714149063,1481.4804036528094,1479.4646623519584,1489.8001338728536
1289.8588126897812,1361.0809551291168,1365.1825820729136,1315.698362649047,1374.3801455795765,1350.6960980313595,1381.777810874075,1376.037781029387,1376.0377776627283
1168.239579321893,1168.2395777020356,1190.0717112775892,1206.452742125839,1214.073953322244,1181.3910282452125,1231.7855388165117,1225.2990548540256,1215.4412682365255
